file,dataset,theta,theta2,lambda,beta,variant,source,microscopic_status,filter_status,T_status,fixed_point_eigval_real,fixed_point_eigval_imag,fixed_point_residual_F,fixed_method_used,kraus_TP_error_F,super_TP_error_F,S_rand_identity_error_F_if_lambda0,eigval1_real,eigval1_imag,eig_residual_F,eigval2_real,eigval2_imag,spectral_gap_abs_1_minus_abs_eig2,n_eigvals_close_to_1_tol_1e8,n_eigvals_close_to_1_tol_1e6,lstsq_residual_F,D_iter_mixed_vs_iter_beta,D_iter_mixed_vs_eig,D_iter_mixed_vs_lstsq,iter_mixed_cycles,iter_mixed_converged,iter_mixed_last_delta_trace,iter_mixed_residual_F,iter_beta_cycles,iter_beta_converged,iter_beta_last_delta_trace,iter_beta_residual_F,D_fix_beta,D_fix_eff,D_eff_beta,D_fix_Gibbs_Hs_plus_Hmf,D_fix_Gibbs_Hs_plus_theta2_Cpaper,D_fix_Gibbs_Hs_plus_theta2_Cpaper_formula,norm_logeff_minus_logfix_dev_F,norm_logeff_minus_logfix_raw_F,norm_Hfixcorr_F,norm_Hmf_F,norm_dev_Hfixcorr_minus_Hmf_F,norm_theta2_Cpaper_F,norm_theta2_Cpaper_formula_F,norm_theta2_GLS_F,norm_theta2_DeltaG_F,cos_Cnum_Cpaper_offE,cos_Cnum_Cpaper_formula_offE,cos_Cnum_Cmf_offE,cos_Cnum_GLS_offE,cos_Cnum_DeltaG_offE,abs_cos_Cnum_Cpaper_offE,abs_cos_Cnum_Cpaper_formula_offE,abs_cos_Cnum_Cmf_offE,abs_cos_Cnum_GLS_offE,abs_cos_Cnum_DeltaG_offE,alpha_Cnum_vs_Cpaper_offE,alpha_Cnum_vs_Cpaper_formula_offE,alpha_Cnum_vs_Cmf_offE,alpha_Cnum_vs_GLS_offE,alpha_Cnum_vs_DeltaG_offE,resid_Cnum_vs_Cpaper_offE,resid_Cnum_vs_Cpaper_formula_offE,resid_Cnum_vs_Cmf_offE,resid_Cnum_vs_GLS_offE,resid_Cnum_vs_DeltaG_offE
from_scratch_generated,mixed_general,0.07071067811865475,0.005,0.0,1.0,stored_rho_mf,from_scratch_unmodulated_f_eq_1,constructed_rigorously_from_Hs_Hb_V,constructed_gaussian_f_t_on_grid,T=1.25; a=4; n_time=301,0.9999999999999797,-3.265523922532543e-16,1.359012392571594e-13,iterate_from_maximally_mixed,4.459530912510832e-14,4.421915340469995e-14,0.0,0.9999999999999797,-3.265523922532543e-16,1.5570412524783862e-14,0.9994505551185302,-9.631762052893793e-17,0.0005494448814697961,1,1,2.160048377545272e-14,1.6230449390135548e-10,1.818761731172485e-10,1.7069831042610685e-10,37725,True,9.961638879535648e-14,1.359012392571594e-13,30350,True,9.847115965430168e-14,1.3905341785193876e-13,0.0007793099671449056,0.0008672058630938062,0.0003683178842261365,0.0008672058630953273,0.0012837051256192017,0.0012837051256192017,0.019830878941982117,0.028481592665397383,0.01171107687328897,0.017511014115183965,0.01983087894198214,0.0071035428478414655,0.0071035428478414655,0.007548408107202268,0.007738677007347252,-0.982350962342705,-0.982350962342705,-0.06773266521700386,0.12600825817834727,-0.10822408134208975,0.982350962342705,0.982350962342705,0.06773266521700386,0.12600825817834727,0.10822408134208975,-1.289810674332593,-1.289810674332593,-0.26607486130187374,1.920640613550164,-0.5570790200397732,0.18704701757676123,0.18704701757676123,0.9977035060891594,0.9920291925497248,0.9941265252560465
from_scratch_generated,mixed_general,0.07071067811865475,0.005,0.0,1.0,instant_fmax,from_scratch_instant_fmax=1.59576995958,constructed_rigorously_from_Hs_Hb_V,constructed_gaussian_f_t_on_grid,T=1.25; a=4; n_time=301,0.9999999999999797,-3.265523922532543e-16,1.359012392571594e-13,iterate_from_maximally_mixed,4.459530912510832e-14,4.421915340469995e-14,0.0,0.9999999999999797,-3.265523922532543e-16,1.5570412524783862e-14,0.9994505551185302,-9.631762052893793e-17,0.0005494448814697961,1,1,2.160048377545272e-14,1.6230449390135548e-10,1.818761731172485e-10,1.7069831042610685e-10,37725,True,9.961638879535648e-14,1.359012392571594e-13,30350,True,9.847115965430168e-14,1.3905341785193876e-13,0.0007793099671449056,0.0012553390284469291,0.0009374092688758034,0.0012553390284469048,0.0012837051256192017,0.0012837051256192017,0.044095924297244495,0.0695419154337833,0.01171107687328897,0.043991231416135104,0.044095924297244654,0.0071035428478414655,0.0071035428478414655,0.007548408107202268,0.007738677007347252,-0.982350962342705,-0.982350962342705,-0.06808334116716071,0.12600825817834727,-0.10822408134208975,0.982350962342705,0.982350962342705,0.06808334116716071,0.12600825817834727,0.10822408134208975,-1.289810674332593,-1.289810674332593,-0.10566881477232799,1.920640613550164,-0.5570790200397732,0.18704701757676123,0.18704701757676123,0.9976796372861962,0.9920291925497248,0.9941265252560465
from_scratch_generated,mixed_general,0.07071067811865475,0.005,0.0,1.0,f2avg_Hmf,from_scratch_f2_weighted_average_of_Hmf_t,constructed_rigorously_from_Hs_Hb_V,constructed_gaussian_f_t_on_grid,T=1.25; a=4; n_time=301,0.9999999999999797,-3.265523922532543e-16,1.359012392571594e-13,iterate_from_maximally_mixed,4.459530912510832e-14,4.421915340469995e-14,0.0,0.9999999999999797,-3.265523922532543e-16,1.5570412524783862e-14,0.9994505551185302,-9.631762052893793e-17,0.0005494448814697961,1,1,2.160048377545272e-14,1.6230449390135548e-10,1.818761731172485e-10,1.7069831042610685e-10,37725,True,9.961638879535648e-14,1.359012392571594e-13,30350,True,9.847115965430168e-14,1.3905341785193876e-13,0.0007793099671449056,0.0010455522838256567,0.0006624928669142947,0.0010455522838256567,0.0012837051256192017,0.0012837051256192017,0.031970160641749276,0.04944122171304938,0.01171107687328897,0.031233878832551895,0.03197016064172638,0.0071035428478414655,0.0071035428478414655,0.007548408107202268,0.007738677007347252,-0.982350962342705,-0.982350962342705,-0.06797770070599195,0.12600825817834727,-0.10822408134208975,0.982350962342705,0.982350962342705,0.06797770070599195,0.12600825817834727,0.10822408134208975,-1.289810674332593,-1.289810674332593,-0.148933318933672,1.920640613550164,-0.5570790200397732,0.18704701757676123,0.18704701757676123,0.9976868407505065,0.9920291925497248,0.9941265252560465
from_scratch_generated,mixed_general,0.1,0.01,0.0,1.0,stored_rho_mf,from_scratch_unmodulated_f_eq_1,constructed_rigorously_from_Hs_Hb_V,constructed_gaussian_f_t_on_grid,T=1.25; a=4; n_time=301,0.9999999999999983,1.7660148338409839e-16,1.392525386432059e-13,iterate_from_maximally_mixed,3.4241250462944187e-14,3.4428735289624935e-14,0.0,0.9999999999999983,1.7660148338409839e-16,2.0996255856323763e-15,0.9988989069818845,-4.171307702493891e-17,0.001101093018115451,1,1,1.3175144008927063e-15,7.22001582814651e-11,9.044453630734734e-11,9.035078953175136e-11,19450,True,9.990960724752584e-14,1.392525386432059e-13,15700,True,9.996946328985988e-14,1.405145749195883e-13,0.001535729150510823,0.0017137407707672843,0.0007363790391790391,0.001713740770768563,0.0025552881973620583,0.0025552881973620583,0.03676220392767669,0.05316578252997509,0.02298040684132357,0.03471511597910452,0.03676220392767662,0.014207085695682931,0.014207085695682931,0.015096816214404537,0.015477354014694505,-0.978831216664412,-0.978831216664412,-0.0636865502691846,0.11838185107418163,-0.10894885638752798,0.978831216664412,0.978831216664412,0.0636865502691846,0.11838185107418163,0.10894885638752798,-1.2842354760850714,-1.2842354760850714,-0.2509835839944335,1.8030583688306518,-0.5603935532148792,0.20466912146991562,0.20466912146991562,0.9979699511081538,0.9929681451769994,0.9940473563627892
from_scratch_generated,mixed_general,0.1,0.01,0.0,1.0,instant_fmax,from_scratch_instant_fmax=1.59576995958,constructed_rigorously_from_Hs_Hb_V,constructed_gaussian_f_t_on_grid,T=1.25; a=4; n_time=301,0.9999999999999983,1.7660148338409839e-16,1.392525386432059e-13,iterate_from_maximally_mixed,3.4241250462944187e-14,3.4428735289624935e-14,0.0,0.9999999999999983,1.7660148338409839e-16,2.0996255856323763e-15,0.9988989069818845,-4.171307702493891e-17,0.001101093018115451,1,1,1.3175144008927063e-15,7.22001582814651e-11,9.044453630734734e-11,9.035078953175136e-11,19450,True,9.990960724752584e-14,1.392525386432059e-13,15700,True,9.996946328985988e-14,1.405145749195883e-13,0.001535729150510823,0.0025028652616566243,0.0018731538908684175,0.002502865261656672,0.0025552881973620583,0.0025552881973620583,0.08360811205618655,0.133099197022543,0.02298040684132357,0.08610203544265085,0.08360811205618635,0.014207085695682931,0.014207085695682931,0.015096816214404537,0.015477354014694505,-0.978831216664412,-0.978831216664412,-0.06435039644327237,0.11838185107418163,-0.10894885638752798,0.978831216664412,0.978831216664412,0.06435039644327237,0.11838185107418163,0.10894885638752798,-1.2842354760850714,-1.2842354760850714,-0.10077649124072327,1.8030583688306518,-0.5603935532148792,0.20466912146991562,0.20466912146991562,0.9979273653315625,0.9929681451769994,0.9940473563627892
from_scratch_generated,mixed_general,0.1,0.01,0.0,1.0,f2avg_Hmf,from_scratch_f2_weighted_average_of_Hmf_t,constructed_rigorously_from_Hs_Hb_V,constructed_gaussian_f_t_on_grid,T=1.25; a=4; n_time=301,0.9999999999999983,1.7660148338409839e-16,1.392525386432059e-13,iterate_from_maximally_mixed,3.4241250462944187e-14,3.4428735289624935e-14,0.0,0.9999999999999983,1.7660148338409839e-16,2.0996255856323763e-15,0.9988989069818845,-4.171307702493891e-17,0.001101093018115451,1,1,1.3175144008927063e-15,7.22001582814651e-11,9.044453630734734e-11,9.035078953175136e-11,19450,True,9.990960724752584e-14,1.392525386432059e-13,15700,True,9.996946328985988e-14,1.405145749195883e-13,0.001535729150510823,0.002078865186237182,0.0013231238820376428,0.002078865186237182,0.0025552881973620583,0.0025552881973620583,0.06014180969898919,0.09396315054221652,0.02298040684132357,0.061368202615169024,0.06014180969896442,0.014207085695682931,0.014207085695682931,0.015096816214404537,0.015477354014694505,-0.978831216664412,-0.978831216664412,-0.06415104405799377,0.11838185107418163,-0.10894885638752798,0.978831216664412,0.978831216664412,0.06415104405799377,0.11838185107418163,0.10894885638752798,-1.2842354760850714,-1.2842354760850714,-0.141572655609085,1.8030583688306518,-0.5603935532148792,0.20466912146991562,0.20466912146991562,0.9979402003859096,0.9929681451769994,0.9940473563627892
from_scratch_generated,mixed_general,0.1414213562373095,0.02,0.0,1.0,stored_rho_mf,from_scratch_unmodulated_f_eq_1,constructed_rigorously_from_Hs_Hb_V,constructed_gaussian_f_t_on_grid,T=1.25; a=4; n_time=301,1.000000000000012,-6.024844804640089e-16,1.4079883363576362e-13,iterate_from_maximally_mixed,3.4911548529750483e-14,3.477532617364822e-14,0.0,1.000000000000012,-6.024844804640089e-16,9.664309181732888e-15,0.9977885614001212,-6.696813246087203e-16,0.0022114385998788233,1,1,1.344099833941803e-14,2.9639246831926295e-11,4.463839439626014e-11,4.678074908457981e-11,10000,True,9.90596887774534e-14,1.4079883363576362e-13,8125,True,9.935029531942044e-14,1.4082753280450464e-13,0.002970140806601812,0.003372411287537235,0.0014717312130661754,0.0033724112875381383,0.005043103358580197,0.005043103358580197,0.06405991137829235,0.0947280780410843,0.045974964884423944,0.06824713791955872,0.06405991137829231,0.028414171391365862,0.028414171391365862,0.030193632428809073,0.03095470802938901,-0.9666083741428061,-0.9666083741428061,-0.054956962722130596,0.10185574908128597,-0.11304209515543781,0.9666083741428061,0.9666083741428061,0.054956962722130596,0.10185574908128597,0.11304209515543781,-1.2570002506252056,-1.2570002506252056,-0.21633385343481779,1.5376523843663048,-0.576313260329683,0.25625817262479894,0.25625817262479894,0.998488724146827,0.9947991789195897,0.9935901995907915
from_scratch_generated,mixed_general,0.1414213562373095,0.02,0.0,1.0,instant_fmax,from_scratch_instant_fmax=1.59576995958,constructed_rigorously_from_Hs_Hb_V,constructed_gaussian_f_t_on_grid,T=1.25; a=4; n_time=301,1.000000000000012,-6.024844804640089e-16,1.4079883363576362e-13,iterate_from_maximally_mixed,3.4911548529750483e-14,3.477532617364822e-14,0.0,1.000000000000012,-6.024844804640089e-16,9.664309181732888e-15,0.9977885614001212,-6.696813246087203e-16,0.0022114385998788233,1,1,1.344099833941803e-14,2.9639246831926295e-11,4.463839439626014e-11,4.678074908457981e-11,10000,True,9.90596887774534e-14,1.4079883363576362e-13,8125,True,9.935029531942044e-14,1.4082753280450464e-13,0.002970140806601812,0.004995091349153273,0.0037396501628821637,0.004995091349152879,0.005043103358580197,0.005043103358580197,0.15165403486068293,0.24664300373936232,0.045974964884423944,0.165318373761397,0.15165403486068285,0.028414171391365862,0.028414171391365862,0.030193632428809073,0.03095470802938901,-0.9666083741428061,-0.9666083741428061,-0.05613913057340451,0.10185574908128597,-0.11304209515543781,0.9666083741428061,0.9666083741428061,0.05613913057340451,0.10185574908128597,0.11304209515543781,-1.2570002506252056,-1.2570002506252056,-0.08876544797952562,1.5376523843663048,-0.576313260329683,0.25625817262479894,0.25625817262479894,0.9984229554745133,0.9947991789195897,0.9935901995907915
from_scratch_generated,mixed_general,0.1414213562373095,0.02,0.0,1.0,f2avg_Hmf,from_scratch_f2_weighted_average_of_Hmf_t,constructed_rigorously_from_Hs_Hb_V,constructed_gaussian_f_t_on_grid,T=1.25; a=4; n_time=301,1.000000000000012,-6.024844804640089e-16,1.4079883363576362e-13,iterate_from_maximally_mixed,3.4911548529750483e-14,3.477532617364822e-14,0.0,1.000000000000012,-6.024844804640089e-16,9.664309181732888e-15,0.9977885614001212,-6.696813246087203e-16,0.0022114385998788233,1,1,1.344099833941803e-14,2.9639246831926295e-11,4.463839439626014e-11,4.678074908457981e-11,10000,True,9.90596887774534e-14,1.4079883363576362e-13,8125,True,9.935029531942044e-14,1.4082753280450464e-13,0.002970140806601812,0.0041328827496488335,0.0026389498944390547,0.0041328827496488335,0.005043103358580197,0.005043103358580197,0.10753929452986659,0.1722455621406075,0.045974964884423944,0.11866366884606859,0.10753929452986621,0.028414171391365862,0.028414171391365862,0.030193632428809073,0.03095470802938901,-0.9666083741428061,-0.9666083741428061,-0.0557865062546297,0.10185574908128597,-0.11304209515543781,0.9666083741428061,0.9666083741428061,0.0557865062546297,0.10185574908128597,0.11304209515543781,-1.2570002506252056,-1.2570002506252056,-0.123905008665397,1.5376523843663048,-0.576313260329683,0.25625817262479894,0.25625817262479894,0.998442720299919,0.9947991789195897,0.9935901995907915
from_scratch_generated,mixed_general,0.2,0.04,0.0,1.0,stored_rho_mf,from_scratch_unmodulated_f_eq_1,constructed_rigorously_from_Hs_Hb_V,constructed_gaussian_f_t_on_grid,T=1.25; a=4; n_time=301,1.0000000000000155,6.480827340190258e-16,1.2865718724469732e-13,iterate_from_maximally_mixed,4.0090036717784755e-14,4.007385790314744e-14,0.0,1.0000000000000155,6.480827340190258e-16,6.426621003759262e-15,0.9955364527326266,-1.2660120089266763e-15,0.004463547267373413,1,1,8.743893796512746e-15,1.2923498911945583e-11,2.0355737129869297e-11,2.1035505114046505e-11,5125,True,9.115188341688632e-14,1.2865718724469732e-13,4200,True,9.408064293132622e-14,1.3196604448904547e-13,0.005540848430440776,0.006588634733999333,0.002939355414912302,0.006588634733999451,0.009759930152412064,0.009759930152412064,0.10373890383353183,0.15645200582909544,0.10458001703308185,0.1320858982653457,0.10373890383353165,0.056828342782731724,0.056828342782731724,0.060387264857618146,0.06190941605877802,-0.9261971747833077,-0.9261971747833077,-0.03658457067130911,0.06721646257385841,-0.1303442449084425,0.9261971747833077,0.9261971747833077,0.03658457067130911,0.06721646257385841,0.1303442449084425,-1.1540484706438536,-1.1540484706438536,-0.14004762816619667,0.9722636717385866,-0.6367164370951127,0.3770395117536347,0.3770395117536347,0.9993305605197892,0.9977384161988838,0.9914687982076126
from_scratch_generated,mixed_general,0.2,0.04,0.0,1.0,instant_fmax,from_scratch_instant_fmax=1.59576995958,constructed_rigorously_from_Hs_Hb_V,constructed_gaussian_f_t_on_grid,T=1.25; a=4; n_time=301,1.0000000000000155,6.480827340190258e-16,1.2865718724469732e-13,iterate_from_maximally_mixed,4.0090036717784755e-14,4.007385790314744e-14,0.0,1.0000000000000155,6.480827340190258e-16,6.426621003759262e-15,0.9955364527326266,-1.2660120089266763e-15,0.004463547267373413,1,1,8.743893796512746e-15,1.2923498911945583e-11,2.0355737129869297e-11,2.1035505114046505e-11,5125,True,9.115188341688632e-14,1.2865718724469732e-13,4200,True,9.408064293132622e-14,1.3196604448904547e-13,0.005540848430440776,0.009949313478884409,0.007452679075535421,0.009949313478883535,0.009759930152412064,0.009759930152412064,0.25498562879417697,0.43073528830058117,0.10458001703308185,0.30718372598225313,0.25498562879417674,0.056828342782731724,0.056828342782731724,0.060387264857618146,0.06190941605877802,-0.9261971747833077,-0.9261971747833077,-0.038440427594199404,0.06721646257385841,-0.1303442449084425,0.9261971747833077,0.9261971747833077,0.038440427594199404,0.06721646257385841,0.1303442449084425,-1.1540484706438536,-1.1540484706438536,-0.060224948100960726,0.9722636717385866,-0.6367164370951127,0.3770395117536347,0.3770395117536347,0.9992608936240701,0.9977384161988838,0.9914687982076126
from_scratch_generated,mixed_general,0.2,0.04,0.0,1.0,f2avg_Hmf,from_scratch_f2_weighted_average_of_Hmf_t,constructed_rigorously_from_Hs_Hb_V,constructed_gaussian_f_t_on_grid,T=1.25; a=4; n_time=301,1.0000000000000155,6.480827340190258e-16,1.2865718724469732e-13,iterate_from_maximally_mixed,4.0090036717784755e-14,4.007385790314744e-14,0.0,1.0000000000000155,6.480827340190258e-16,6.426621003759262e-15,0.9955364527326266,-1.2660120089266763e-15,0.004463547267373413,1,1,8.743893796512746e-15,1.2923498911945583e-11,2.0355737129869297e-11,2.1035505114046505e-11,5125,True,9.115188341688632e-14,1.2865718724469732e-13,4200,True,9.408064293132622e-14,1.3196604448904547e-13,0.005540848430440776,0.008190562065991714,0.005249790565641127,0.008190562065991714,0.009759930152412064,0.009759930152412064,0.1769788478232071,0.29564355737654097,0.10458001703308185,0.2231757994237923,0.1769788478231995,0.056828342782731724,0.056828342782731724,0.060387264857618146,0.06190941605877802,-0.9261971747833077,-0.9261971747833077,-0.03789515248296749,0.06721646257385841,-0.1303442449084425,0.9261971747833077,0.9261971747833077,0.03789515248296749,0.06721646257385841,0.1303442449084425,-1.1540484706438536,-1.1540484706438536,-0.08294134358428777,0.9722636717385866,-0.6367164370951127,0.3770395117536347,0.3770395117536347,0.9992817207466035,0.9977384161988838,0.9914687982076126
from_scratch_generated,mixed_general,0.22360679774997896,0.05,0.0,1.0,stored_rho_mf,from_scratch_unmodulated_f_eq_1,constructed_rigorously_from_Hs_Hb_V,constructed_gaussian_f_t_on_grid,T=1.25; a=4; n_time=301,1.0000000000000104,4.684165075240219e-16,1.253262986541053e-13,iterate_from_maximally_mixed,3.6916973399652767e-14,3.65777737591189e-14,0.0,1.0000000000000104,4.684165075240219e-16,1.0674512405203819e-14,0.9943931825507694,-4.530442518756063e-16,0.005606817449230639,1,1,1.487662988720644e-14,1.1377360379395383e-11,1.557277810022099e-11,1.652454947412134e-11,4125,True,8.797948247230455e-14,1.253262986541053e-13,3400,True,8.578217797936909e-14,1.2092491942028076e-13,0.006723993558183317,0.008167211004570341,0.0036716276931156545,0.00816721100457013,0.011998263851181228,0.011998263851181228,0.12310003560812444,0.18310898011002164,0.1409694924680897,0.16253427397751596,0.12310003560812456,0.07103542847841465,0.07103542847841465,0.07548408107202269,0.07738677007347253,-0.9014349688744314,-0.9014349688744314,-0.02777504111061672,0.050879857972838234,-0.14226606989402232,0.9014349688744314,0.9014349688744314,0.02777504111061672,0.050879857972838234,0.14226606989402232,-1.0899482692589737,-1.0899482692589737,-0.10391463673834588,0.7141758872412421,-0.6743827020073552,0.43291453762879417,0.43291453762879417,0.9996141991244939,0.9987047812305012,0.9898284524890708
from_scratch_generated,mixed_general,0.22360679774997896,0.05,0.0,1.0,instant_fmax,from_scratch_instant_fmax=1.59576995958,constructed_rigorously_from_Hs_Hb_V,constructed_gaussian_f_t_on_grid,T=1.25; a=4; n_time=301,1.0000000000000104,4.684165075240219e-16,1.253262986541053e-13,iterate_from_maximally_mixed,3.6916973399652767e-14,3.65777737591189e-14,0.0,1.0000000000000104,4.684165075240219e-16,1.0674512405203819e-14,0.9943931825507694,-4.530442518756063e-16,0.005606817449230639,1,1,1.487662988720644e-14,1.1377360379395383e-11,1.557277810022099e-11,1.652454947412134e-11,4125,True,8.797948247230455e-14,1.253262986541053e-13,3400,True,8.578217797936909e-14,1.2092491942028076e-13,0.006723993558183317,0.012400635213361266,0.009299217369286527,0.012400635213360853,0.011998263851181228,0.011998263851181228,0.2971389605400103,0.5083453196471153,0.1409694924680897,0.37134365287979443,0.29713896054001043,0.07103542847841465,0.07103542847841465,0.07548408107202269,0.07738677007347253,-0.9014349688744314,-0.9014349688744314,-0.02984180825345443,0.050879857972838234,-0.14226606989402232,0.9014349688744314,0.9014349688744314,0.02984180825345443,0.050879857972838234,0.14226606989402232,-1.0899482692589737,-1.0899482692589737,-0.046070843677753756,0.7141758872412421,-0.6743827020073552,0.43291453762879417,0.43291453762879417,0.9995546340646736,0.9987047812305012,0.9898284524890708
from_scratch_generated,mixed_general,0.22360679774997896,0.05,0.0,1.0,f2avg_Hmf,from_scratch_f2_weighted_average_of_Hmf_t,constructed_rigorously_from_Hs_Hb_V,constructed_gaussian_f_t_on_grid,T=1.25; a=4; n_time=301,1.0000000000000104,4.684165075240219e-16,1.253262986541053e-13,iterate_from_maximally_mixed,3.6916973399652767e-14,3.65777737591189e-14,0.0,1.0000000000000104,4.684165075240219e-16,1.0674512405203819e-14,0.9943931825507694,-4.530442518756063e-16,0.005606817449230639,1,1,1.487662988720644e-14,1.1377360379395383e-11,1.557277810022099e-11,1.652454947412134e-11,4125,True,8.797948247230455e-14,1.253262986541053e-13,3400,True,8.578217797936909e-14,1.2092491942028076e-13,0.006723993558183317,0.01019229058990947,0.006545276814208367,0.01019229058990947,0.011998263851181228,0.011998263851181228,0.2056907507451816,0.34724440097445075,0.1409694924680897,0.27120766824158,0.20569075074518015,0.07103542847841465,0.07103542847841465,0.07548408107202269,0.07738677007347253,-0.9014349688744314,-0.9014349688744314,-0.029239503628371955,0.050879857972838234,-0.14226606989402232,0.9014349688744314,0.9014349688744314,0.029239503628371955,0.050879857972838234,0.14226606989402232,-1.0899482692589737,-1.0899482692589737,-0.06291269154062869,0.7141758872412421,-0.6743827020073552,0.43291453762879417,0.43291453762879417,0.9995724343075724,0.9987047812305012,0.9898284524890708
from_scratch_generated,mixed_general,0.07071067811865475,0.005,2.0,1.0,stored_rho_mf,from_scratch_unmodulated_f_eq_1,constructed_rigorously_from_Hs_Hb_V,constructed_gaussian_f_t_on_grid,T=1.25; a=4; n_time=301,0.9999999999999802,-5.636157231030114e-17,1.361085679674556e-13,iterate_from_maximally_mixed,4.459530912510832e-14,4.370427667587778e-14,,0.9999999999999802,-5.636157231030114e-17,1.5503277001647442e-14,0.9994503339875199,-2.993753579647844e-17,0.0005496660124800767,1,1,2.085302552437629e-14,3.623038269543781e-10,1.8301794035017314e-10,1.717806150261751e-10,37700,True,9.981779052238231e-14,1.361085679674556e-13,26600,True,9.926208468772336e-14,1.4322735469891814e-13,0.0004714623545327094,0.0005551116705276947,0.0003683178842261365,0.0005551116705244696,0.0004865688691675665,0.0004865688691675665,0.025366649130160564,0.0254733938332564,0.0372076101777596,0.017511014115183965,0.025366649130160766,0.0007368137716142513,0.0007368137716142513,0.007548408107202268,0.007738677007347252,-0.6140086628877229,-0.6140086628877229,0.5544617391246902,0.34240009821035455,-0.047896576659644134,0.6140086628877229,0.6140086628877229,0.5544617391246902,0.34240009821035455,0.047896576659644134,-0.5849903884415096,-0.5849903884415096,0.16393622586762438,0.39280648643566657,-0.01855645612883451,0.7892992853783859,0.7892992853783859,0.8322092163914215,0.9395542415132506,0.9988523003649173
from_scratch_generated,mixed_general,0.07071067811865475,0.005,2.0,1.0,instant_fmax,from_scratch_instant_fmax=1.59576995958,constructed_rigorously_from_Hs_Hb_V,constructed_gaussian_f_t_on_grid,T=1.25; a=4; n_time=301,0.9999999999999802,-5.636157231030114e-17,1.361085679674556e-13,iterate_from_maximally_mixed,4.459530912510832e-14,4.370427667587778e-14,,0.9999999999999802,-5.636157231030114e-17,1.5503277001647442e-14,0.9994503339875199,-2.993753579647844e-17,0.0005496660124800767,1,1,2.085302552437629e-14,3.623038269543781e-10,1.8301794035017314e-10,1.717806150261751e-10,37700,True,9.981779052238231e-14,1.361085679674556e-13,26600,True,9.926208468772336e-14,1.4322735469891814e-13,0.0004714623545327094,0.000965607870423049,0.0009374092688758034,0.0009656078704208294,0.0004865688691675665,0.0004865688691675665,0.026392942442253972,0.04071406314262979,0.0372076101777596,0.043991231416135104,0.026392942442254097,0.0007368137716142513,0.0007368137716142513,0.007548408107202268,0.007738677007347252,-0.6140086628877229,-0.6140086628877229,0.5558323943442236,0.34240009821035455,-0.047896576659644134,0.6140086628877229,0.6140086628877229,0.5558323943442236,0.34240009821035455,0.047896576659644134,-0.5849903884415096,-0.5849903884415096,0.06493031357520204,0.39280648643566657,-0.01855645612883451,0.7892992853783859,0.7892992853783859,0.8312943819114668,0.9395542415132506,0.9988523003649173
from_scratch_generated,mixed_general,0.07071067811865475,0.005,2.0,1.0,f2avg_Hmf,from_scratch_f2_weighted_average_of_Hmf_t,constructed_rigorously_from_Hs_Hb_V,constructed_gaussian_f_t_on_grid,T=1.25; a=4; n_time=301,0.9999999999999802,-5.636157231030114e-17,1.361085679674556e-13,iterate_from_maximally_mixed,4.459530912510832e-14,4.370427667587778e-14,,0.9999999999999802,-5.636157231030114e-17,1.5503277001647442e-14,0.9994503339875199,-2.993753579647844e-17,0.0005496660124800767,1,1,2.085302552437629e-14,3.623038269543781e-10,1.8301794035017314e-10,1.717806150261751e-10,37700,True,9.981779052238231e-14,1.361085679674556e-13,26600,True,9.926208468772336e-14,1.4322735469891814e-13,0.0004714623545327094,0.0007381864815342884,0.0006624928669142947,0.0007381864815342884,0.0004865688691675665,0.0004865688691675665,0.02226491889145855,0.026813363108168627,0.0372076101777596,0.031233878832551895,0.022264918891481175,0.0007368137716142513,0.0007368137716142513,0.007548408107202268,0.007738677007347252,-0.6140086628877229,-0.6140086628877229,0.5554194524762469,0.34240009821035455,-0.047896576659644134,0.6140086628877229,0.6140086628877229,0.5554194524762469,0.34240009821035455,0.047896576659644134,-0.5849903884415096,-0.5849903884415096,0.09158917629494732,0.39280648643566657,-0.01855645612883451,0.7892992853783859,0.7892992853783859,0.8315703408677984,0.9395542415132506,0.9988523003649173
from_scratch_generated,mixed_general,0.1,0.01,2.0,1.0,stored_rho_mf,from_scratch_unmodulated_f_eq_1,constructed_rigorously_from_Hs_Hb_V,constructed_gaussian_f_t_on_grid,T=1.25; a=4; n_time=301,0.9999999999999974,1.4176959844784676e-16,1.3611506566339237e-13,iterate_from_maximally_mixed,3.4241250462944187e-14,3.484001722922243e-14,,0.9999999999999974,1.4176959844784676e-16,1.3760190034271397e-15,0.9988981036494218,-5.504622278744382e-17,0.0011018963505782242,1,1,4.170619913068078e-15,1.774265747675188e-10,8.80351218397496e-11,8.834970451916158e-11,19450,True,9.784860290476564e-14,1.3611506566339237e-13,14550,True,9.79221724796281e-14,1.3679660332928485e-13,0.0009594913133461056,0.0011165148581012388,0.0007363790391790391,0.0011165148580977507,0.0009891848004225808,0.0009891848004225808,0.04977483214138187,0.0500488129157109,0.07337247138072,0.03471511597910452,0.0497748321413818,0.0014736275432285027,0.0014736275432285027,0.015096816214404537,0.015477354014694505,-0.611419733350551,-0.611419733350551,0.5549165771414857,0.34346063695831186,-0.045882617893698234,0.611419733350551,0.611419733350551,0.5549165771414857,0.34346063695831186,0.045882617893698234,-0.5803059127035352,-0.5803059127035352,0.164092493092121,0.3925229493295597,-0.017708511861351788,0.7913064574926335,0.7913064574926335,0.8319059997461116,0.9391670729216345,0.99894683811263
from_scratch_generated,mixed_general,0.1,0.01,2.0,1.0,instant_fmax,from_scratch_instant_fmax=1.59576995958,constructed_rigorously_from_Hs_Hb_V,constructed_gaussian_f_t_on_grid,T=1.25; a=4; n_time=301,0.9999999999999974,1.4176959844784676e-16,1.3611506566339237e-13,iterate_from_maximally_mixed,3.4241250462944187e-14,3.484001722922243e-14,,0.9999999999999974,1.4176959844784676e-16,1.3760190034271397e-15,0.9988981036494218,-5.504622278744382e-17,0.0011018963505782242,1,1,4.170619913068078e-15,1.774265747675188e-10,8.80351218397496e-11,8.834970451916158e-11,19450,True,9.784860290476564e-14,1.3611506566339237e-13,14550,True,9.79221724796281e-14,1.3679660332928485e-13,0.0009594913133461056,0.0019290863805658189,0.0018731538908684175,0.0019290863805641197,0.0009891848004225808,0.0009891848004225808,0.05162026504503103,0.0790924865390912,0.07337247138072,0.08610203544265085,0.05162026504503091,0.0014736275432285027,0.0014736275432285027,0.015096816214404537,0.015477354014694505,-0.611419733350551,-0.611419733350551,0.5575711900934159,0.34346063695831186,-0.045882617893698234,0.611419733350551,0.611419733350551,0.5575711900934159,0.34346063695831186,0.045882617893698234,-0.5803059127035352,-0.5803059127035352,0.06551967808721954,0.3925229493295597,-0.017708511861351788,0.7913064574926335,0.7913064574926335,0.8301291272915389,0.9391670729216345,0.99894683811263
from_scratch_generated,mixed_general,0.1,0.01,2.0,1.0,f2avg_Hmf,from_scratch_f2_weighted_average_of_Hmf_t,constructed_rigorously_from_Hs_Hb_V,constructed_gaussian_f_t_on_grid,T=1.25; a=4; n_time=301,0.9999999999999974,1.4176959844784676e-16,1.3611506566339237e-13,iterate_from_maximally_mixed,3.4241250462944187e-14,3.484001722922243e-14,,0.9999999999999974,1.4176959844784676e-16,1.3760190034271397e-15,0.9988981036494218,-5.504622278744382e-17,0.0011018963505782242,1,1,4.170619913068078e-15,1.774265747675188e-10,8.80351218397496e-11,8.834970451916158e-11,19450,True,9.784860290476564e-14,1.3611506566339237e-13,14550,True,9.79221724796281e-14,1.3679660332928485e-13,0.0009594913133461056,0.00147747020340332,0.0013231238820376428,0.00147747020340332,0.0009891848004225808,0.0009891848004225808,0.043748447846561504,0.052244031499128776,0.07337247138072,0.061368202615169024,0.043748447846596816,0.0014736275432285027,0.0014736275432285027,0.015096816214404537,0.015477354014694505,-0.611419733350551,-0.611419733350551,0.5567738007458521,0.34346063695831186,-0.045882617893698234,0.611419733350551,0.611419733350551,0.5567738007458521,0.34346063695831186,0.045882617893698234,-0.5803059127035352,-0.5803059127035352,0.09219722799932506,0.3925229493295597,-0.017708511861351788,0.7913064574926335,0.7913064574926335,0.8306641528337538,0.9391670729216345,0.99894683811263
from_scratch_generated,mixed_general,0.1414213562373095,0.02,2.0,1.0,stored_rho_mf,from_scratch_unmodulated_f_eq_1,constructed_rigorously_from_Hs_Hb_V,constructed_gaussian_f_t_on_grid,T=1.25; a=4; n_time=301,1.000000000000014,1.7311676072434343e-16,1.3556639880069243e-13,iterate_from_maximally_mixed,3.4911548529750483e-14,3.5683733946463086e-14,,1.000000000000014,1.7311676072434343e-16,1.025910408252087e-14,0.9977860513080447,5.132650579594832e-17,0.0022139486919553475,1,1,1.5337747385724917e-14,8.631864069183184e-11,4.2718549340232063e-11,4.5175499670903524e-11,10000,True,9.507279352394e-14,1.3556639880069243e-13,7875,True,9.583088825984235e-14,1.3171379283913899e-13,0.0019272519718414635,0.0022316271881392836,0.0014717312130661754,0.00223162718813634,0.0019861950124309955,0.0019861950124309955,0.09545389279700958,0.09597959976958395,0.14171371168051908,0.06824713791955872,0.09545389279700943,0.0029472550864570054,0.0029472550864570054,0.030193632428809073,0.03095470802938901,-0.6062194059974423,-0.6062194059974423,0.555740381866571,0.345366507921791,-0.04202107392029324,0.6062194059974423,0.6062194059974423,0.555740381866571,0.345366507921791,0.04202107392029324,-0.5712488774156912,-0.5712488774156912,0.16442473957514206,0.3918738488553489,-0.016101969717226813,0.7952974486266808,0.7952974486266808,0.8313558972923676,0.9384678871468682,0.9991167245855637
from_scratch_generated,mixed_general,0.1414213562373095,0.02,2.0,1.0,instant_fmax,from_scratch_instant_fmax=1.59576995958,constructed_rigorously_from_Hs_Hb_V,constructed_gaussian_f_t_on_grid,T=1.25; a=4; n_time=301,1.000000000000014,1.7311676072434343e-16,1.3556639880069243e-13,iterate_from_maximally_mixed,3.4911548529750483e-14,3.5683733946463086e-14,,1.000000000000014,1.7311676072434343e-16,1.025910408252087e-14,0.9977860513080447,5.132650579594832e-17,0.0022139486919553475,1,1,1.5337747385724917e-14,8.631864069183184e-11,4.2718549340232063e-11,4.5175499670903524e-11,10000,True,9.507279352394e-14,1.3556639880069243e-13,7875,True,9.583088825984235e-14,1.3171379283913899e-13,0.0019272519718414635,0.0038468847486944815,0.0037396501628821637,0.003846884748691993,0.0019861950124309955,0.0019861950124309955,0.09999192458337168,0.1521613076745428,0.14171371168051908,0.165318373761397,0.09999192458337168,0.0029472550864570054,0.0029472550864570054,0.030193632428809073,0.03095470802938901,-0.6062194059974423,-0.6062194059974423,0.5607176944782005,0.345366507921791,-0.04202107392029324,0.6062194059974423,0.6062194059974423,0.5607176944782005,0.345366507921791,0.04202107392029324,-0.5712488774156912,-0.5712488774156912,0.06663708213058654,0.3918738488553489,-0.016101969717226813,0.7952974486266808,0.7952974486266808,0.8280070453196948,0.9384678871468682,0.9991167245855637
from_scratch_generated,mixed_general,0.1414213562373095,0.02,2.0,1.0,f2avg_Hmf,from_scratch_f2_weighted_average_of_Hmf_t,constructed_rigorously_from_Hs_Hb_V,constructed_gaussian_f_t_on_grid,T=1.25; a=4; n_time=301,1.000000000000014,1.7311676072434343e-16,1.3556639880069243e-13,iterate_from_maximally_mixed,3.4911548529750483e-14,3.5683733946463086e-14,,1.000000000000014,1.7311676072434343e-16,1.025910408252087e-14,0.9977860513080447,5.132650579594832e-17,0.0022139486919553475,1,1,1.5337747385724917e-14,8.631864069183184e-11,4.2718549340232063e-11,4.5175499670903524e-11,10000,True,9.507279352394e-14,1.3556639880069243e-13,7875,True,9.583088825984235e-14,1.3171379283913899e-13,0.0019272519718414635,0.002946556681336387,0.0026389498944390547,0.002946556681336387,0.0019861950124309955,0.0019861950124309955,0.08491698125551725,0.10102885632978861,0.14171371168051908,0.11866366884606859,0.08491698125550752,0.0029472550864570054,0.0029472550864570054,0.030193632428809073,0.03095470802938901,-0.6062194059974423,-0.6062194059974423,0.5592315469839237,0.345366507921791,-0.04202107392029324,0.6062194059974423,0.6062194059974423,0.5592315469839237,0.345366507921791,0.04202107392029324,-0.5712488774156912,-0.5712488774156912,0.09335655246165944,0.3918738488553489,-0.016101969717226813,0.7952974486266808,0.7952974486266808,0.8290115058658517,0.9384678871468682,0.9991167245855637
from_scratch_generated,mixed_general,0.2,0.04,2.0,1.0,stored_rho_mf,from_scratch_unmodulated_f_eq_1,constructed_rigorously_from_Hs_Hb_V,constructed_gaussian_f_t_on_grid,T=1.25; a=4; n_time=301,1.000000000000011,-1.2844325052121796e-16,1.376800682643496e-13,iterate_from_maximally_mixed,4.0090036717784755e-14,3.9680356102094416e-14,,1.000000000000011,-1.2844325052121796e-16,6.424664361737266e-15,0.995532281088846,-5.741753716440107e-17,0.0044677189111540505,1,1,9.699676549797842e-15,4.397651395345881e-11,2.1875730659577125e-11,2.252056010491548e-11,5100,True,9.741547444346344e-14,1.376800682643496e-13,4200,True,9.939064412462173e-14,1.369462850143972e-13,0.003830654621054608,0.004431897704987751,0.002939355414912302,0.004431897704983539,0.00394833721791435,0.00394833721791435,0.1764371754042517,0.17720181578433833,0.2649313863096175,0.1320858982653457,0.17643717540425166,0.005894510172914011,0.005894510172914011,0.060387264857618146,0.06190941605877802,-0.5958123734722711,-0.5958123734722711,0.5570811190334471,0.3484476660316979,-0.03492981208750576,0.5958123734722711,0.5958123734722711,0.5570811190334471,0.3484476660316979,0.03492981208750576,-0.5542418181446224,-0.5542418181446224,0.1651384254092977,0.39029938819564847,-0.013213027991305533,0.8031236614727142,0.8031236614727142,0.8304580825161749,0.9373282370851005,0.9993897679221712
from_scratch_generated,mixed_general,0.2,0.04,2.0,1.0,instant_fmax,from_scratch_instant_fmax=1.59576995958,constructed_rigorously_from_Hs_Hb_V,constructed_gaussian_f_t_on_grid,T=1.25; a=4; n_time=301,1.000000000000011,-1.2844325052121796e-16,1.376800682643496e-13,iterate_from_maximally_mixed,4.0090036717784755e-14,3.9680356102094416e-14,,1.000000000000011,-1.2844325052121796e-16,6.424664361737266e-15,0.995532281088846,-5.741753716440107e-17,0.0044677189111540505,1,1,9.699676549797842e-15,4.397651395345881e-11,2.1875730659577125e-11,2.252056010491548e-11,5100,True,9.741547444346344e-14,1.376800682643496e-13,4200,True,9.939064412462173e-14,1.369462850143972e-13,0.003830654621054608,0.007646068863465178,0.007452679075535421,0.007646068863462623,0.00394833721791435,0.00394833721791435,0.1894069641704179,0.2854789124387541,0.2649313863096175,0.30718372598225313,0.18940696417041789,0.005894510172914011,0.005894510172914011,0.060387264857618146,0.06190941605877802,-0.5958123734722711,-0.5958123734722711,0.5658261634615562,0.3484476660316979,-0.03492981208750576,0.5958123734722711,0.5958123734722711,0.5658261634615562,0.3484476660316979,0.03492981208750576,-0.5542418181446224,-0.5542418181446224,0.06864725161822803,0.39029938819564847,-0.013213027991305533,0.8031236614727142,0.8031236614727142,0.8245245616368115,0.9373282370851005,0.9993897679221712
from_scratch_generated,mixed_general,0.2,0.04,2.0,1.0,f2avg_Hmf,from_scratch_f2_weighted_average_of_Hmf_t,constructed_rigorously_from_Hs_Hb_V,constructed_gaussian_f_t_on_grid,T=1.25; a=4; n_time=301,1.000000000000011,-1.2844325052121796e-16,1.376800682643496e-13,iterate_from_maximally_mixed,4.0090036717784755e-14,3.9680356102094416e-14,,1.000000000000011,-1.2844325052121796e-16,6.424664361737266e-15,0.995532281088846,-5.741753716440107e-17,0.0044677189111540505,1,1,9.699676549797842e-15,4.397651395345881e-11,2.1875730659577125e-11,2.252056010491548e-11,5100,True,9.741547444346344e-14,1.376800682643496e-13,4200,True,9.939064412462173e-14,1.369462850143972e-13,0.003830654621054608,0.005848190494679344,0.005249790565641127,0.005848190494679344,0.00394833721791435,0.00394833721791435,0.16093525207994078,0.19121540417764668,0.2649313863096175,0.2231757994237923,0.16093525207994883,0.005894510172914011,0.005894510172914011,0.060387264857618146,0.06190941605877802,-0.5958123734722711,-0.5958123734722711,0.56324613690183,0.3484476660316979,-0.03492981208750576,0.5958123734722711,0.5958123734722711,0.56324613690183,0.3484476660316979,0.03492981208750576,-0.5542418181446224,-0.5542418181446224,0.09546353977542589,0.39029938819564847,-0.013213027991305533,0.8031236614727142,0.8031236614727142,0.8262891680671876,0.9373282370851005,0.9993897679221712
from_scratch_generated,mixed_general,0.22360679774997896,0.05,2.0,1.0,stored_rho_mf,from_scratch_unmodulated_f_eq_1,constructed_rigorously_from_Hs_Hb_V,constructed_gaussian_f_t_on_grid,T=1.25; a=4; n_time=301,1.0000000000000178,-6.592406041899359e-17,1.3887783592452875e-13,iterate_from_maximally_mixed,3.6916973399652767e-14,3.705889392507439e-14,,1.0000000000000178,-6.592406041899359e-17,1.1303742383339786e-14,0.9943909587512187,3.035815380728975e-17,0.005609041248781255,1,1,1.6178516335444567e-14,3.47655457322181e-11,1.7338028766623393e-11,1.8260699725953787e-11,4100,True,9.806608021698429e-14,1.3887783592452875e-13,3425,True,9.881862939764622e-14,1.341197812363397e-13,0.004766895237750804,0.005517596347549983,0.0036716276931156545,0.005517596347546413,0.004914057638423205,0.004914057638423205,0.2127134087141678,0.2135082736490485,0.3209336685354879,0.16253427397751596,0.21271340871416786,0.0073681377161425145,0.0073681377161425145,0.07548408107202269,0.07738677007347253,-0.5906426233309373,-0.5906426233309373,0.5576165225174627,0.3496831976924956,-0.031681274796131115,0.5906426233309373,0.5906426233309373,0.5576165225174627,0.3496831976924956,0.031681274796131115,-0.5462259727768484,-0.5462259727768484,0.1655070336311303,0.3893972368709211,-0.011914245484005437,0.8069332633525207,0.8069332633525207,0.830098677155633,0.9368680063122824,0.999498022422902
from_scratch_generated,mixed_general,0.22360679774997896,0.05,2.0,1.0,instant_fmax,from_scratch_instant_fmax=1.59576995958,constructed_rigorously_from_Hs_Hb_V,constructed_gaussian_f_t_on_grid,T=1.25; a=4; n_time=301,1.0000000000000178,-6.592406041899359e-17,1.3887783592452875e-13,iterate_from_maximally_mixed,3.6916973399652767e-14,3.705889392507439e-14,,1.0000000000000178,-6.592406041899359e-17,1.1303742383339786e-14,0.9943909587512187,3.035815380728975e-17,0.005609041248781255,1,1,1.6178516335444567e-14,3.47655457322181e-11,1.7338028766623393e-11,1.8260699725953787e-11,4100,True,9.806608021698429e-14,1.3887783592452875e-13,3425,True,9.881862939764622e-14,1.341197812363397e-13,0.004766895237750804,0.009527798351994294,0.009299217369286527,0.0095277983519928,0.004914057638423205,0.004914057638423205,0.23093068410499087,0.3466272723108987,0.3209336685354879,0.37134365287979443,0.23093068410499087,0.0073681377161425145,0.0073681377161425145,0.07548408107202269,0.07738677007347253,-0.5906426233309373,-0.5906426233309373,0.5678625334137628,0.3496831976924956,-0.031681274796131115,0.5906426233309373,0.5906426233309373,0.5678625334137628,0.3496831976924956,0.031681274796131115,-0.5462259727768484,-0.5462259727768484,0.06955094791723922,0.3893972368709211,-0.011914245484005437,0.8069332633525207,0.8069332633525207,0.8231234069961219,0.9368680063122824,0.999498022422902
from_scratch_generated,mixed_general,0.22360679774997896,0.05,2.0,1.0,f2avg_Hmf,from_scratch_f2_weighted_average_of_Hmf_t,constructed_rigorously_from_Hs_Hb_V,constructed_gaussian_f_t_on_grid,T=1.25; a=4; n_time=301,1.0000000000000178,-6.592406041899359e-17,1.3887783592452875e-13,iterate_from_maximally_mixed,3.6916973399652767e-14,3.705889392507439e-14,,1.0000000000000178,-6.592406041899359e-17,1.1303742383339786e-14,0.9943909587512187,3.035815380728975e-17,0.005609041248781255,1,1,1.6178516335444567e-14,3.47655457322181e-11,1.7338028766623393e-11,1.8260699725953787e-11,4100,True,9.806608021698429e-14,1.3887783592452875e-13,3425,True,9.881862939764622e-14,1.341197812363397e-13,0.004766895237750804,0.007281877257685292,0.006545276814208367,0.007281877257685292,0.004914057638423205,0.004914057638423205,0.19621152033213804,0.2330796650831523,0.3209336685354879,0.27120766824158,0.19621152033215591,0.0073681377161425145,0.0073681377161425145,0.07548408107202269,0.07738677007347253,-0.5906426233309373,-0.5906426233309373,0.5648575673373124,0.3496831976924956,-0.031681274796131115,0.5906426233309373,0.5906426233309373,0.5648575673373124,0.3496831976924956,0.031681274796131115,-0.5462259727768484,-0.5462259727768484,0.09641975622340626,0.3893972368709211,-0.011914245484005437,0.8069332633525207,0.8069332633525207,0.8251884200725149,0.9368680063122824,0.999498022422902
from_scratch_generated,mixed_theta_wide,0.07071067811865475,0.005,0.0,1.0,stored_rho_mf,from_scratch_unmodulated_f_eq_1,constructed_rigorously_from_Hs_Hb_V,constructed_gaussian_f_t_on_grid,T=1.25; a=4; n_time=301,0.9999999999999797,-3.265523922532543e-16,1.359012392571594e-13,iterate_from_maximally_mixed,4.459530912510832e-14,4.421915340469995e-14,0.0,0.9999999999999797,-3.265523922532543e-16,1.5570412524783862e-14,0.9994505551185302,-9.631762052893793e-17,0.0005494448814697961,1,1,2.160048377545272e-14,1.6230449390135548e-10,1.818761731172485e-10,1.7069831042610685e-10,37725,True,9.961638879535648e-14,1.359012392571594e-13,30350,True,9.847115965430168e-14,1.3905341785193876e-13,0.0007793099671449056,0.0008672058630938062,0.0003683178842261365,0.0008672058630953273,0.0012837051256192017,0.0012837051256192017,0.019830878941982117,0.028481592665397383,0.01171107687328897,0.017511014115183965,0.01983087894198214,0.0071035428478414655,0.0071035428478414655,0.007548408107202268,0.007738677007347252,-0.982350962342705,-0.982350962342705,-0.06773266521700386,0.12600825817834727,-0.10822408134208975,0.982350962342705,0.982350962342705,0.06773266521700386,0.12600825817834727,0.10822408134208975,-1.289810674332593,-1.289810674332593,-0.26607486130187374,1.920640613550164,-0.5570790200397732,0.18704701757676123,0.18704701757676123,0.9977035060891594,0.9920291925497248,0.9941265252560465
from_scratch_generated,mixed_theta_wide,0.07071067811865475,0.005,0.0,1.0,instant_fmax,from_scratch_instant_fmax=1.59576995958,constructed_rigorously_from_Hs_Hb_V,constructed_gaussian_f_t_on_grid,T=1.25; a=4; n_time=301,0.9999999999999797,-3.265523922532543e-16,1.359012392571594e-13,iterate_from_maximally_mixed,4.459530912510832e-14,4.421915340469995e-14,0.0,0.9999999999999797,-3.265523922532543e-16,1.5570412524783862e-14,0.9994505551185302,-9.631762052893793e-17,0.0005494448814697961,1,1,2.160048377545272e-14,1.6230449390135548e-10,1.818761731172485e-10,1.7069831042610685e-10,37725,True,9.961638879535648e-14,1.359012392571594e-13,30350,True,9.847115965430168e-14,1.3905341785193876e-13,0.0007793099671449056,0.0012553390284469291,0.0009374092688758034,0.0012553390284469048,0.0012837051256192017,0.0012837051256192017,0.044095924297244495,0.0695419154337833,0.01171107687328897,0.043991231416135104,0.044095924297244654,0.0071035428478414655,0.0071035428478414655,0.007548408107202268,0.007738677007347252,-0.982350962342705,-0.982350962342705,-0.06808334116716071,0.12600825817834727,-0.10822408134208975,0.982350962342705,0.982350962342705,0.06808334116716071,0.12600825817834727,0.10822408134208975,-1.289810674332593,-1.289810674332593,-0.10566881477232799,1.920640613550164,-0.5570790200397732,0.18704701757676123,0.18704701757676123,0.9976796372861962,0.9920291925497248,0.9941265252560465
from_scratch_generated,mixed_theta_wide,0.07071067811865475,0.005,0.0,1.0,f2avg_Hmf,from_scratch_f2_weighted_average_of_Hmf_t,constructed_rigorously_from_Hs_Hb_V,constructed_gaussian_f_t_on_grid,T=1.25; a=4; n_time=301,0.9999999999999797,-3.265523922532543e-16,1.359012392571594e-13,iterate_from_maximally_mixed,4.459530912510832e-14,4.421915340469995e-14,0.0,0.9999999999999797,-3.265523922532543e-16,1.5570412524783862e-14,0.9994505551185302,-9.631762052893793e-17,0.0005494448814697961,1,1,2.160048377545272e-14,1.6230449390135548e-10,1.818761731172485e-10,1.7069831042610685e-10,37725,True,9.961638879535648e-14,1.359012392571594e-13,30350,True,9.847115965430168e-14,1.3905341785193876e-13,0.0007793099671449056,0.0010455522838256567,0.0006624928669142947,0.0010455522838256567,0.0012837051256192017,0.0012837051256192017,0.031970160641749276,0.04944122171304938,0.01171107687328897,0.031233878832551895,0.03197016064172638,0.0071035428478414655,0.0071035428478414655,0.007548408107202268,0.007738677007347252,-0.982350962342705,-0.982350962342705,-0.06797770070599195,0.12600825817834727,-0.10822408134208975,0.982350962342705,0.982350962342705,0.06797770070599195,0.12600825817834727,0.10822408134208975,-1.289810674332593,-1.289810674332593,-0.148933318933672,1.920640613550164,-0.5570790200397732,0.18704701757676123,0.18704701757676123,0.9976868407505065,0.9920291925497248,0.9941265252560465
from_scratch_generated,mixed_theta_wide,0.1,0.01,0.0,1.0,stored_rho_mf,from_scratch_unmodulated_f_eq_1,constructed_rigorously_from_Hs_Hb_V,constructed_gaussian_f_t_on_grid,T=1.25; a=4; n_time=301,0.9999999999999983,1.7660148338409839e-16,1.392525386432059e-13,iterate_from_maximally_mixed,3.4241250462944187e-14,3.4428735289624935e-14,0.0,0.9999999999999983,1.7660148338409839e-16,2.0996255856323763e-15,0.9988989069818845,-4.171307702493891e-17,0.001101093018115451,1,1,1.3175144008927063e-15,7.22001582814651e-11,9.044453630734734e-11,9.035078953175136e-11,19450,True,9.990960724752584e-14,1.392525386432059e-13,15700,True,9.996946328985988e-14,1.405145749195883e-13,0.001535729150510823,0.0017137407707672843,0.0007363790391790391,0.001713740770768563,0.0025552881973620583,0.0025552881973620583,0.03676220392767669,0.05316578252997509,0.02298040684132357,0.03471511597910452,0.03676220392767662,0.014207085695682931,0.014207085695682931,0.015096816214404537,0.015477354014694505,-0.978831216664412,-0.978831216664412,-0.0636865502691846,0.11838185107418163,-0.10894885638752798,0.978831216664412,0.978831216664412,0.0636865502691846,0.11838185107418163,0.10894885638752798,-1.2842354760850714,-1.2842354760850714,-0.2509835839944335,1.8030583688306518,-0.5603935532148792,0.20466912146991562,0.20466912146991562,0.9979699511081538,0.9929681451769994,0.9940473563627892
from_scratch_generated,mixed_theta_wide,0.1,0.01,0.0,1.0,instant_fmax,from_scratch_instant_fmax=1.59576995958,constructed_rigorously_from_Hs_Hb_V,constructed_gaussian_f_t_on_grid,T=1.25; a=4; n_time=301,0.9999999999999983,1.7660148338409839e-16,1.392525386432059e-13,iterate_from_maximally_mixed,3.4241250462944187e-14,3.4428735289624935e-14,0.0,0.9999999999999983,1.7660148338409839e-16,2.0996255856323763e-15,0.9988989069818845,-4.171307702493891e-17,0.001101093018115451,1,1,1.3175144008927063e-15,7.22001582814651e-11,9.044453630734734e-11,9.035078953175136e-11,19450,True,9.990960724752584e-14,1.392525386432059e-13,15700,True,9.996946328985988e-14,1.405145749195883e-13,0.001535729150510823,0.0025028652616566243,0.0018731538908684175,0.002502865261656672,0.0025552881973620583,0.0025552881973620583,0.08360811205618655,0.133099197022543,0.02298040684132357,0.08610203544265085,0.08360811205618635,0.014207085695682931,0.014207085695682931,0.015096816214404537,0.015477354014694505,-0.978831216664412,-0.978831216664412,-0.06435039644327237,0.11838185107418163,-0.10894885638752798,0.978831216664412,0.978831216664412,0.06435039644327237,0.11838185107418163,0.10894885638752798,-1.2842354760850714,-1.2842354760850714,-0.10077649124072327,1.8030583688306518,-0.5603935532148792,0.20466912146991562,0.20466912146991562,0.9979273653315625,0.9929681451769994,0.9940473563627892
from_scratch_generated,mixed_theta_wide,0.1,0.01,0.0,1.0,f2avg_Hmf,from_scratch_f2_weighted_average_of_Hmf_t,constructed_rigorously_from_Hs_Hb_V,constructed_gaussian_f_t_on_grid,T=1.25; a=4; n_time=301,0.9999999999999983,1.7660148338409839e-16,1.392525386432059e-13,iterate_from_maximally_mixed,3.4241250462944187e-14,3.4428735289624935e-14,0.0,0.9999999999999983,1.7660148338409839e-16,2.0996255856323763e-15,0.9988989069818845,-4.171307702493891e-17,0.001101093018115451,1,1,1.3175144008927063e-15,7.22001582814651e-11,9.044453630734734e-11,9.035078953175136e-11,19450,True,9.990960724752584e-14,1.392525386432059e-13,15700,True,9.996946328985988e-14,1.405145749195883e-13,0.001535729150510823,0.002078865186237182,0.0013231238820376428,0.002078865186237182,0.0025552881973620583,0.0025552881973620583,0.06014180969898919,0.09396315054221652,0.02298040684132357,0.061368202615169024,0.06014180969896442,0.014207085695682931,0.014207085695682931,0.015096816214404537,0.015477354014694505,-0.978831216664412,-0.978831216664412,-0.06415104405799377,0.11838185107418163,-0.10894885638752798,0.978831216664412,0.978831216664412,0.06415104405799377,0.11838185107418163,0.10894885638752798,-1.2842354760850714,-1.2842354760850714,-0.141572655609085,1.8030583688306518,-0.5603935532148792,0.20466912146991562,0.20466912146991562,0.9979402003859096,0.9929681451769994,0.9940473563627892
from_scratch_generated,mixed_theta_wide,0.1414213562373095,0.02,0.0,1.0,stored_rho_mf,from_scratch_unmodulated_f_eq_1,constructed_rigorously_from_Hs_Hb_V,constructed_gaussian_f_t_on_grid,T=1.25; a=4; n_time=301,1.000000000000012,-6.024844804640089e-16,1.4079883363576362e-13,iterate_from_maximally_mixed,3.4911548529750483e-14,3.477532617364822e-14,0.0,1.000000000000012,-6.024844804640089e-16,9.664309181732888e-15,0.9977885614001212,-6.696813246087203e-16,0.0022114385998788233,1,1,1.344099833941803e-14,2.9639246831926295e-11,4.463839439626014e-11,4.678074908457981e-11,10000,True,9.90596887774534e-14,1.4079883363576362e-13,8125,True,9.935029531942044e-14,1.4082753280450464e-13,0.002970140806601812,0.003372411287537235,0.0014717312130661754,0.0033724112875381383,0.005043103358580197,0.005043103358580197,0.06405991137829235,0.0947280780410843,0.045974964884423944,0.06824713791955872,0.06405991137829231,0.028414171391365862,0.028414171391365862,0.030193632428809073,0.03095470802938901,-0.9666083741428061,-0.9666083741428061,-0.054956962722130596,0.10185574908128597,-0.11304209515543781,0.9666083741428061,0.9666083741428061,0.054956962722130596,0.10185574908128597,0.11304209515543781,-1.2570002506252056,-1.2570002506252056,-0.21633385343481779,1.5376523843663048,-0.576313260329683,0.25625817262479894,0.25625817262479894,0.998488724146827,0.9947991789195897,0.9935901995907915
from_scratch_generated,mixed_theta_wide,0.1414213562373095,0.02,0.0,1.0,instant_fmax,from_scratch_instant_fmax=1.59576995958,constructed_rigorously_from_Hs_Hb_V,constructed_gaussian_f_t_on_grid,T=1.25; a=4; n_time=301,1.000000000000012,-6.024844804640089e-16,1.4079883363576362e-13,iterate_from_maximally_mixed,3.4911548529750483e-14,3.477532617364822e-14,0.0,1.000000000000012,-6.024844804640089e-16,9.664309181732888e-15,0.9977885614001212,-6.696813246087203e-16,0.0022114385998788233,1,1,1.344099833941803e-14,2.9639246831926295e-11,4.463839439626014e-11,4.678074908457981e-11,10000,True,9.90596887774534e-14,1.4079883363576362e-13,8125,True,9.935029531942044e-14,1.4082753280450464e-13,0.002970140806601812,0.004995091349153273,0.0037396501628821637,0.004995091349152879,0.005043103358580197,0.005043103358580197,0.15165403486068293,0.24664300373936232,0.045974964884423944,0.165318373761397,0.15165403486068285,0.028414171391365862,0.028414171391365862,0.030193632428809073,0.03095470802938901,-0.9666083741428061,-0.9666083741428061,-0.05613913057340451,0.10185574908128597,-0.11304209515543781,0.9666083741428061,0.9666083741428061,0.05613913057340451,0.10185574908128597,0.11304209515543781,-1.2570002506252056,-1.2570002506252056,-0.08876544797952562,1.5376523843663048,-0.576313260329683,0.25625817262479894,0.25625817262479894,0.9984229554745133,0.9947991789195897,0.9935901995907915
from_scratch_generated,mixed_theta_wide,0.1414213562373095,0.02,0.0,1.0,f2avg_Hmf,from_scratch_f2_weighted_average_of_Hmf_t,constructed_rigorously_from_Hs_Hb_V,constructed_gaussian_f_t_on_grid,T=1.25; a=4; n_time=301,1.000000000000012,-6.024844804640089e-16,1.4079883363576362e-13,iterate_from_maximally_mixed,3.4911548529750483e-14,3.477532617364822e-14,0.0,1.000000000000012,-6.024844804640089e-16,9.664309181732888e-15,0.9977885614001212,-6.696813246087203e-16,0.0022114385998788233,1,1,1.344099833941803e-14,2.9639246831926295e-11,4.463839439626014e-11,4.678074908457981e-11,10000,True,9.90596887774534e-14,1.4079883363576362e-13,8125,True,9.935029531942044e-14,1.4082753280450464e-13,0.002970140806601812,0.0041328827496488335,0.0026389498944390547,0.0041328827496488335,0.005043103358580197,0.005043103358580197,0.10753929452986659,0.1722455621406075,0.045974964884423944,0.11866366884606859,0.10753929452986621,0.028414171391365862,0.028414171391365862,0.030193632428809073,0.03095470802938901,-0.9666083741428061,-0.9666083741428061,-0.0557865062546297,0.10185574908128597,-0.11304209515543781,0.9666083741428061,0.9666083741428061,0.0557865062546297,0.10185574908128597,0.11304209515543781,-1.2570002506252056,-1.2570002506252056,-0.123905008665397,1.5376523843663048,-0.576313260329683,0.25625817262479894,0.25625817262479894,0.998442720299919,0.9947991789195897,0.9935901995907915
from_scratch_generated,mixed_theta_wide,0.2,0.04,0.0,1.0,stored_rho_mf,from_scratch_unmodulated_f_eq_1,constructed_rigorously_from_Hs_Hb_V,constructed_gaussian_f_t_on_grid,T=1.25; a=4; n_time=301,1.0000000000000155,6.480827340190258e-16,1.2865718724469732e-13,iterate_from_maximally_mixed,4.0090036717784755e-14,4.007385790314744e-14,0.0,1.0000000000000155,6.480827340190258e-16,6.426621003759262e-15,0.9955364527326266,-1.2660120089266763e-15,0.004463547267373413,1,1,8.743893796512746e-15,1.2923498911945583e-11,2.0355737129869297e-11,2.1035505114046505e-11,5125,True,9.115188341688632e-14,1.2865718724469732e-13,4200,True,9.408064293132622e-14,1.3196604448904547e-13,0.005540848430440776,0.006588634733999333,0.002939355414912302,0.006588634733999451,0.009759930152412064,0.009759930152412064,0.10373890383353183,0.15645200582909544,0.10458001703308185,0.1320858982653457,0.10373890383353165,0.056828342782731724,0.056828342782731724,0.060387264857618146,0.06190941605877802,-0.9261971747833077,-0.9261971747833077,-0.03658457067130911,0.06721646257385841,-0.1303442449084425,0.9261971747833077,0.9261971747833077,0.03658457067130911,0.06721646257385841,0.1303442449084425,-1.1540484706438536,-1.1540484706438536,-0.14004762816619667,0.9722636717385866,-0.6367164370951127,0.3770395117536347,0.3770395117536347,0.9993305605197892,0.9977384161988838,0.9914687982076126
from_scratch_generated,mixed_theta_wide,0.2,0.04,0.0,1.0,instant_fmax,from_scratch_instant_fmax=1.59576995958,constructed_rigorously_from_Hs_Hb_V,constructed_gaussian_f_t_on_grid,T=1.25; a=4; n_time=301,1.0000000000000155,6.480827340190258e-16,1.2865718724469732e-13,iterate_from_maximally_mixed,4.0090036717784755e-14,4.007385790314744e-14,0.0,1.0000000000000155,6.480827340190258e-16,6.426621003759262e-15,0.9955364527326266,-1.2660120089266763e-15,0.004463547267373413,1,1,8.743893796512746e-15,1.2923498911945583e-11,2.0355737129869297e-11,2.1035505114046505e-11,5125,True,9.115188341688632e-14,1.2865718724469732e-13,4200,True,9.408064293132622e-14,1.3196604448904547e-13,0.005540848430440776,0.009949313478884409,0.007452679075535421,0.009949313478883535,0.009759930152412064,0.009759930152412064,0.25498562879417697,0.43073528830058117,0.10458001703308185,0.30718372598225313,0.25498562879417674,0.056828342782731724,0.056828342782731724,0.060387264857618146,0.06190941605877802,-0.9261971747833077,-0.9261971747833077,-0.038440427594199404,0.06721646257385841,-0.1303442449084425,0.9261971747833077,0.9261971747833077,0.038440427594199404,0.06721646257385841,0.1303442449084425,-1.1540484706438536,-1.1540484706438536,-0.060224948100960726,0.9722636717385866,-0.6367164370951127,0.3770395117536347,0.3770395117536347,0.9992608936240701,0.9977384161988838,0.9914687982076126
from_scratch_generated,mixed_theta_wide,0.2,0.04,0.0,1.0,f2avg_Hmf,from_scratch_f2_weighted_average_of_Hmf_t,constructed_rigorously_from_Hs_Hb_V,constructed_gaussian_f_t_on_grid,T=1.25; a=4; n_time=301,1.0000000000000155,6.480827340190258e-16,1.2865718724469732e-13,iterate_from_maximally_mixed,4.0090036717784755e-14,4.007385790314744e-14,0.0,1.0000000000000155,6.480827340190258e-16,6.426621003759262e-15,0.9955364527326266,-1.2660120089266763e-15,0.004463547267373413,1,1,8.743893796512746e-15,1.2923498911945583e-11,2.0355737129869297e-11,2.1035505114046505e-11,5125,True,9.115188341688632e-14,1.2865718724469732e-13,4200,True,9.408064293132622e-14,1.3196604448904547e-13,0.005540848430440776,0.008190562065991714,0.005249790565641127,0.008190562065991714,0.009759930152412064,0.009759930152412064,0.1769788478232071,0.29564355737654097,0.10458001703308185,0.2231757994237923,0.1769788478231995,0.056828342782731724,0.056828342782731724,0.060387264857618146,0.06190941605877802,-0.9261971747833077,-0.9261971747833077,-0.03789515248296749,0.06721646257385841,-0.1303442449084425,0.9261971747833077,0.9261971747833077,0.03789515248296749,0.06721646257385841,0.1303442449084425,-1.1540484706438536,-1.1540484706438536,-0.08294134358428777,0.9722636717385866,-0.6367164370951127,0.3770395117536347,0.3770395117536347,0.9992817207466035,0.9977384161988838,0.9914687982076126
from_scratch_generated,mixed_theta_wide,0.282842712474619,0.08,0.0,1.0,stored_rho_mf,from_scratch_unmodulated_f_eq_1,constructed_rigorously_from_Hs_Hb_V,constructed_gaussian_f_t_on_grid,T=1.25; a=4; n_time=301,0.9999999999999951,3.230784569789618e-16,1.3583973956862662e-13,iterate_from_maximally_mixed,4.572618248595576e-14,4.5484628740217955e-14,0.0,0.9999999999999951,3.230784569789618e-16,3.493912062993241e-15,0.9908910586760948,-4.095880471230398e-16,0.009108941323905162,1,1,6.345784761633474e-15,1.2065733146421372e-11,1.0674825853382719e-11,1.059552355226841e-11,2575,True,9.967136059538053e-14,1.3583973956862662e-13,2150,True,9.347326290038077e-14,1.3015303125175472e-13,0.010102839319705036,0.012788532274487483,0.005862286948675504,0.012788532274486671,0.018359919361796664,0.018359919361796664,0.19194017812484096,0.2652939996804156,0.25851620407385395,0.24870801421104544,0.1919401781248409,0.11365668556546345,0.11365668556546345,0.12077452971523629,0.12381883211755604,-0.8265277749897844,-0.8265277749897844,-0.005449010082456555,0.011826501117590689,-0.18304466822764154,0.8265277749897844,0.8265277749897844,0.005449010082456555,0.011826501117590689,0.18304466822764154,-0.9025076656953112,-0.9025076656953112,-0.01878811832565294,0.14991239142732368,-0.7835814266192194,0.5628959381363813,0.5628959381363813,0.9999851540343593,0.9999300644901701,0.9831045974022463
from_scratch_generated,mixed_theta_wide,0.282842712474619,0.08,0.0,1.0,instant_fmax,from_scratch_instant_fmax=1.59576995958,constructed_rigorously_from_Hs_Hb_V,constructed_gaussian_f_t_on_grid,T=1.25; a=4; n_time=301,0.9999999999999951,3.230784569789618e-16,1.3583973956862662e-13,iterate_from_maximally_mixed,4.572618248595576e-14,4.5484628740217955e-14,0.0,0.9999999999999951,3.230784569789618e-16,3.493912062993241e-15,0.9908910586760948,-4.095880471230398e-16,0.009108941323905162,1,1,6.345784761633474e-15,1.2065733146421372e-11,1.0674825853382719e-11,1.059552355226841e-11,2575,True,9.967136059538053e-14,1.3583973956862662e-13,2150,True,9.347326290038077e-14,1.3015303125175472e-13,0.010102839319705036,0.019590098655457737,0.014798970056643122,0.019590098655457015,0.018359919361796664,0.018359919361796664,0.4108933359335098,0.7127074517860833,0.25851620407385395,0.5430041335674799,0.4108933359335098,0.11365668556546345,0.11365668556546345,0.12077452971523629,0.12381883211755604,-0.8265277749897844,-0.8265277749897844,-0.007993722792025487,0.011826501117590689,-0.18304466822764154,0.8265277749897844,0.8265277749897844,0.007993722792025487,0.011826501117590689,0.18304466822764154,-0.9025076656953112,-0.9025076656953112,-0.01161587942826224,0.14991239142732368,-0.7835814266192194,0.5628959381363813,0.5628959381363813,0.9999680496875508,0.9999300644901701,0.9831045974022463
from_scratch_generated,mixed_theta_wide,0.282842712474619,0.08,0.0,1.0,f2avg_Hmf,from_scratch_f2_weighted_average_of_Hmf_t,constructed_rigorously_from_Hs_Hb_V,constructed_gaussian_f_t_on_grid,T=1.25; a=4; n_time=301,0.9999999999999951,3.230784569789618e-16,1.3583973956862662e-13,iterate_from_maximally_mixed,4.572618248595576e-14,4.5484628740217955e-14,0.0,0.9999999999999951,3.230784569789618e-16,3.493912062993241e-15,0.9908910586760948,-4.095880471230398e-16,0.009108941323905162,1,1,6.345784761633474e-15,1.2065733146421372e-11,1.0674825853382719e-11,1.059552355226841e-11,2575,True,9.967136059538053e-14,1.3583973956862662e-13,2150,True,9.347326290038077e-14,1.3015303125175472e-13,0.010102839319705036,0.01604101974262715,0.010394377518768504,0.01604101974262715,0.018359919361796664,0.018359919361796664,0.28958216941029324,0.4868965837913846,0.25851620407385395,0.4019129764130339,0.28958216941029846,0.11365668556546345,0.11365668556546345,0.12077452971523629,0.12381883211755604,-0.8265277749897844,-0.8265277749897844,-0.00726932396027565,0.011826501117590689,-0.18304466822764154,0.8265277749897844,0.8265277749897844,0.00726932396027565,0.011826501117590689,0.18304466822764154,-0.9025076656953112,-0.9025076656953112,-0.014633564066988933,0.14991239142732368,-0.7835814266192194,0.5628959381363813,0.5628959381363813,0.9999735781155223,0.9999300644901701,0.9831045974022463
from_scratch_generated,mixed_theta_wide,0.34641016151377546,0.12,0.0,1.0,stored_rho_mf,from_scratch_unmodulated_f_eq_1,constructed_rigorously_from_Hs_Hb_V,constructed_gaussian_f_t_on_grid,T=1.25; a=4; n_time=301,0.9999999999999795,3.0751015674078504e-16,1.0527911651925982e-13,iterate_from_maximally_mixed,4.911890347302934e-14,4.920335008705515e-14,0.0,0.9999999999999795,3.0751015674078504e-16,1.6218689693575152e-14,0.9860600830800625,1.9681786256037042e-16,0.013939916919937456,1,1,2.2788273817426785e-14,8.130394386419213e-12,5.5715483798385295e-12,5.157580839382915e-12,1725,True,7.8782205145378e-14,1.0527911651925982e-13,1475,True,7.305001252580083e-14,1.0400225022251597e-13,0.014340660805633502,0.018587107702889773,0.00876880452066138,0.018587107702888822,0.026303337774362674,0.026303337774362674,0.28630385004251907,0.3764479973662071,0.39838062433679694,0.35329632732153327,0.28630385004251907,0.17048502834819515,0.17048502834819515,0.18116179457285445,0.18572824817633404,-0.748959980997056,-0.748959980997056,0.014670426755114457,-0.0153904313001204,-0.23410911485841726,0.748959980997056,0.748959980997056,0.014670426755114457,0.0153904313001204,0.23410911485841726,-0.7229135481435379,-0.7229135481435379,0.04584193215169386,-0.17245125123794533,-0.8858897508697136,0.6626152328952978,0.6626152328952978,0.9998923834987556,0.9998815602982166,0.9722103282418926
from_scratch_generated,mixed_theta_wide,0.34641016151377546,0.12,0.0,1.0,instant_fmax,from_scratch_instant_fmax=1.59576995958,constructed_rigorously_from_Hs_Hb_V,constructed_gaussian_f_t_on_grid,T=1.25; a=4; n_time=301,0.9999999999999795,3.0751015674078504e-16,1.0527911651925982e-13,iterate_from_maximally_mixed,4.911890347302934e-14,4.920335008705515e-14,0.0,0.9999999999999795,3.0751015674078504e-16,1.6218689693575152e-14,0.9860600830800625,1.9681786256037042e-16,0.013939916919937456,1,1,2.2788273817426785e-14,8.130394386419213e-12,5.5715483798385295e-12,5.157580839382915e-12,1725,True,7.8782205145378e-14,1.0527911651925982e-13,1475,True,7.305001252580083e-14,1.0400225022251597e-13,0.014340660805633502,0.02874424559481732,0.022039130655763465,0.02874424559481654,0.026303337774362674,0.026303337774362674,0.5495546970157345,0.9493634196346022,0.39838062433679694,0.735714635564068,0.5495546970157343,0.17048502834819515,0.17048502834819515,0.18116179457285445,0.18572824817633404,-0.748959980997056,-0.748959980997056,0.011170087023072702,-0.0153904313001204,-0.23410911485841726,0.748959980997056,0.748959980997056,0.011170087023072702,0.0153904313001204,0.23410911485841726,-0.7229135481435379,-0.7229135481435379,0.015036774139780423,-0.17245125123794533,-0.8858897508697136,0.6626152328952978,0.6626152328952978,0.9999376126318568,0.9998815602982166,0.9722103282418926
from_scratch_generated,mixed_theta_wide,0.34641016151377546,0.12,0.0,1.0,f2avg_Hmf,from_scratch_f2_weighted_average_of_Hmf_t,constructed_rigorously_from_Hs_Hb_V,constructed_gaussian_f_t_on_grid,T=1.25; a=4; n_time=301,0.9999999999999795,3.0751015674078504e-16,1.0527911651925982e-13,iterate_from_maximally_mixed,4.911890347302934e-14,4.920335008705515e-14,0.0,0.9999999999999795,3.0751015674078504e-16,1.6218689693575152e-14,0.9860600830800625,1.9681786256037042e-16,0.013939916919937456,1,1,2.2788273817426785e-14,8.130394386419213e-12,5.5715483798385295e-12,5.157580839382915e-12,1725,True,7.8782205145378e-14,1.0527911651925982e-13,1475,True,7.305001252580083e-14,1.0400225022251597e-13,0.014340660805633502,0.02340537673864812,0.01544527162255645,0.02340537673864812,0.026303337774362674,0.026303337774362674,0.3997507878097003,0.6568478298921788,0.39838062433679694,0.5521733170771587,0.3997507878097065,0.17048502834819515,0.17048502834819515,0.18116179457285445,0.18572824817633404,-0.748959980997056,-0.748959980997056,0.012148700104796878,-0.0153904313001204,-0.23410911485841726,0.748959980997056,0.748959980997056,0.012148700104796878,0.0153904313001204,0.23410911485841726,-0.7229135481435379,-0.7229135481435379,0.02251659438475014,-0.17245125123794533,-0.8858897508697136,0.6626152328952978,0.6626152328952978,0.9999262018197963,0.9998815602982166,0.9722103282418926
from_scratch_generated,mixed_theta_wide,0.4472135954999579,0.2,0.0,1.0,stored_rho_mf,from_scratch_unmodulated_f_eq_1,constructed_rigorously_from_Hs_Hb_V,constructed_gaussian_f_t_on_grid,T=1.25; a=4; n_time=301,1.0000000000000113,-6.594021957813768e-16,8.792321072501408e-14,iterate_from_maximally_mixed,3.952294650964125e-14,3.930029021455746e-14,0.0,1.0000000000000113,-6.594021957813768e-16,4.653485769958632e-15,0.9759239342080643,-3.791690149760933e-16,0.024076065791935664,1,1,6.197022296527526e-15,4.2317800609359105e-12,2.5555298127654135e-12,2.6557902626648655e-12,1025,True,6.336012025351235e-14,8.792321072501408e-14,900,True,6.903297289469557e-14,9.285828503938271e-14,0.022134309170160564,0.029268988543540937,0.014532649932366606,0.029268988543539577,0.04143230389950818,0.04143230389950818,0.43891140842102006,0.5686509936407047,0.6130156154742801,0.5352670635914588,0.43891140842102006,0.2841417139136586,0.2841417139136586,0.30193632428809075,0.3095470802938901,-0.6674238466268614,-0.6674238466268614,0.036412262078419196,-0.021024274378153608,-0.30448278227900083,0.6674238466268614,0.6674238466268614,0.036412262078419196,0.021024274378153608,0.30448278227900083,-0.5511373773849826,-0.5511373773849826,0.1017048484172291,-0.2015426521648473,-0.9857220876258345,0.7446780572527997,0.7446780572527997,0.9993368537036611,0.9997789655153143,0.9525178398831377
from_scratch_generated,mixed_theta_wide,0.4472135954999579,0.2,0.0,1.0,instant_fmax,from_scratch_instant_fmax=1.59576995958,constructed_rigorously_from_Hs_Hb_V,constructed_gaussian_f_t_on_grid,T=1.25; a=4; n_time=301,1.0000000000000113,-6.594021957813768e-16,8.792321072501408e-14,iterate_from_maximally_mixed,3.952294650964125e-14,3.930029021455746e-14,0.0,1.0000000000000113,-6.594021957813768e-16,4.653485769958632e-15,0.9759239342080643,-3.791690149760933e-16,0.024076065791935664,1,1,6.197022296527526e-15,4.2317800609359105e-12,2.5555298127654135e-12,2.6557902626648655e-12,1025,True,6.336012025351235e-14,8.792321072501408e-14,900,True,6.903297289469557e-14,9.285828503938271e-14,0.022134309170160564,0.04609920645149092,0.03620257538648668,0.04609920645149017,0.04143230389950818,0.04143230389950818,0.7800911951498468,1.3318793622528264,0.6130156154742801,1.0420390283343774,0.7800911951498469,0.2841417139136586,0.2841417139136586,0.30193632428809075,0.3095470802938901,-0.6674238466268614,-0.6674238466268614,0.02917631638167847,-0.021024274378153608,-0.30448278227900083,0.6674238466268614,0.6674238466268614,0.02917631638167847,0.021024274378153608,0.30448278227900083,-0.5511373773849826,-0.5511373773849826,0.03621629469337246,-0.2015426521648473,-0.9857220876258345,0.7446780572527997,0.7446780572527997,0.9995742806627211,0.9997789655153143,0.9525178398831377
from_scratch_generated,mixed_theta_wide,0.4472135954999579,0.2,0.0,1.0,f2avg_Hmf,from_scratch_f2_weighted_average_of_Hmf_t,constructed_rigorously_from_Hs_Hb_V,constructed_gaussian_f_t_on_grid,T=1.25; a=4; n_time=301,1.0000000000000113,-6.594021957813768e-16,8.792321072501408e-14,iterate_from_maximally_mixed,3.952294650964125e-14,3.930029021455746e-14,0.0,1.0000000000000113,-6.594021957813768e-16,4.653485769958632e-15,0.9759239342080643,-3.791690149760933e-16,0.024076065791935664,1,1,6.197022296527526e-15,4.2317800609359105e-12,2.5555298127654135e-12,2.6557902626648655e-12,1025,True,6.336012025351235e-14,8.792321072501408e-14,900,True,6.903297289469557e-14,9.285828503938271e-14,0.022134309170160564,0.037138052458223866,0.025296760049997702,0.037138052458223866,0.04143230389950818,0.04143230389950818,0.5866968972536234,0.9421348168886794,0.6130156154742801,0.797803779700282,0.5866968972536322,0.2841417139136586,0.2841417139136586,0.30193632428809075,0.3095470802938901,-0.6674238466268614,-0.6674238466268614,0.03118634644151082,-0.021024274378153608,-0.30448278227900083,0.6674238466268614,0.6674238466268614,0.03118634644151082,0.021024274378153608,0.30448278227900083,-0.5511373773849826,-0.5511373773849826,0.05284065936889155,-0.2015426521648473,-0.9857220876258345,0.7446780572527997,0.7446780572527997,0.9995135875993032,0.9997789655153143,0.9525178398831377
from_scratch_generated,mixed_theta_wide,0.5477225575051661,0.3,0.0,1.0,stored_rho_mf,from_scratch_unmodulated_f_eq_1,constructed_rigorously_from_Hs_Hb_V,constructed_gaussian_f_t_on_grid,T=1.25; a=4; n_time=301,0.9999999999999912,-5.360430180477922e-17,6.15625558783275e-14,iterate_from_maximally_mixed,2.5878239508394374e-14,2.5946834778191787e-14,0.0,0.9999999999999912,-5.360430180477922e-17,3.679244534640528e-15,0.9625321103554245,2.3929203627780426e-16,0.03746788964457548,1,1,5.430646720814685e-15,2.035075652134198e-12,1.1599012156692581e-12,1.131559129882419e-12,675,True,4.6243339288024065e-14,6.15625558783275e-14,600,True,7.15262076463063e-14,9.836783485536536e-14,0.03149299964219182,0.042076272242814655,0.021645400776157477,0.042076272242813635,0.06009860133982645,0.06009860133982645,0.5913475877608071,0.7595081888246866,0.8321669700056971,0.726006987459291,0.5913475877608071,0.4262125708704879,0.4262125708704879,0.45290448643213604,0.4643206204408351,-0.6232044446593383,-0.6232044446593383,0.04798919279479764,-0.004321754187617839,-0.3565848990547315,0.6232044446593383,0.6232044446593383,0.04798919279479764,0.004321754187617839,0.3565848990547315,-0.4688042542287869,-0.4688042542287869,0.12790480018638054,-0.037740606187892094,-1.0516168896085776,0.7820589620718157,0.7820589620718157,0.9988478549683647,0.9999906611767642,0.934262923253474
from_scratch_generated,mixed_theta_wide,0.5477225575051661,0.3,0.0,1.0,instant_fmax,from_scratch_instant_fmax=1.59576995958,constructed_rigorously_from_Hs_Hb_V,constructed_gaussian_f_t_on_grid,T=1.25; a=4; n_time=301,0.9999999999999912,-5.360430180477922e-17,6.15625558783275e-14,iterate_from_maximally_mixed,2.5878239508394374e-14,2.5946834778191787e-14,0.0,0.9999999999999912,-5.360430180477922e-17,3.679244534640528e-15,0.9625321103554245,2.3929203627780426e-16,0.03746788964457548,1,1,5.430646720814685e-15,2.035075652134198e-12,1.1599012156692581e-12,1.131559129882419e-12,675,True,4.6243339288024065e-14,6.15625558783275e-14,600,True,7.15262076463063e-14,9.836783485536536e-14,0.03149299964219182,0.06705976510763609,0.05331811493425911,0.06705976510763567,0.06009860133982645,0.06009860133982645,0.9988770320841766,1.6778220261289816,0.8321669700056971,1.336116193422168,0.9988770320841766,0.4262125708704879,0.4262125708704879,0.45290448643213604,0.4643206204408351,-0.6232044446593383,-0.6232044446593383,0.03501604441159163,-0.004321754187617839,-0.3565848990547315,0.6232044446593383,0.6232044446593383,0.03501604441159163,0.004321754187617839,0.3565848990547315,-0.4688042542287869,-0.4688042542287869,0.04256293660833968,-0.037740606187892094,-1.0516168896085776,0.7820589620718157,0.7820589620718157,0.9993867502792726,0.9999906611767642,0.934262923253474
from_scratch_generated,mixed_theta_wide,0.5477225575051661,0.3,0.0,1.0,f2avg_Hmf,from_scratch_f2_weighted_average_of_Hmf_t,constructed_rigorously_from_Hs_Hb_V,constructed_gaussian_f_t_on_grid,T=1.25; a=4; n_time=301,0.9999999999999912,-5.360430180477922e-17,6.15625558783275e-14,iterate_from_maximally_mixed,2.5878239508394374e-14,2.5946834778191787e-14,0.0,0.9999999999999912,-5.360430180477922e-17,3.679244534640528e-15,0.9625321103554245,2.3929203627780426e-16,0.03746788964457548,1,1,5.430646720814685e-15,2.035075652134198e-12,1.1599012156692581e-12,1.131559129882419e-12,675,True,4.6243339288024065e-14,6.15625558783275e-14,600,True,7.15262076463063e-14,9.836783485536536e-14,0.03149299964219182,0.05362681416102058,0.03719403438871462,0.05362681416102058,0.06009860133982645,0.06009860133982645,0.7693771189651364,1.2090595024464426,0.8321669700056971,1.040367480824476,0.7693771189651442,0.4262125708704879,0.4262125708704879,0.45290448643213604,0.4643206204408351,-0.6232044446593383,-0.6232044446593383,0.0385944537179934,-0.004321754187617839,-0.3565848990547315,0.6232044446593383,0.6232044446593383,0.0385944537179934,0.004321754187617839,0.3565848990547315,-0.4688042542287869,-0.4688042542287869,0.06357514997071902,-0.037740606187892094,-1.0516168896085776,0.7820589620718157,0.7820589620718157,0.9992549565262158,0.9999906611767642,0.934262923253474
from_scratch_generated,mixed_theta_wide,0.7071067811865476,0.5,0.0,1.0,stored_rho_mf,from_scratch_unmodulated_f_eq_1,constructed_rigorously_from_Hs_Hb_V,constructed_gaussian_f_t_on_grid,T=1.25; a=4; n_time=301,0.9999999999999949,6.152331581510969e-16,3.547028603073384e-14,iterate_from_maximally_mixed,2.036510065803601e-14,2.0551697553051807e-14,0.0,0.9999999999999949,6.152331581510969e-16,4.201863840228383e-15,0.9340783698420143,3.67266663872408e-16,0.06592163015798569,1,1,5.3639066340120044e-15,3.4432917682625756e-13,2.637866941135005e-13,2.527740322796725e-13,400,True,2.6814016714969892e-14,3.547028603073384e-14,375,True,2.7175019625200122e-14,3.7030978452684494e-14,0.05050358968467891,0.06757295925147189,0.03556541111774943,0.06757295925147108,0.09761786918370104,0.09761786918370104,0.8498235221055254,1.0480265246261713,1.2140321508934262,1.029741101821696,0.8498235221055254,0.7103542847841465,0.7103542847841465,0.7548408107202268,0.7738677007347252,-0.573991899462108,-0.573991899462108,0.03565100986389036,0.005803762743199482,-0.4304943033619026,0.573991899462108,0.573991899462108,0.03565100986389036,0.005803762743199482,0.4304943033619026,-0.39876070337106007,-0.39876070337106007,0.09452031754096102,0.04680627158265854,-1.172485827815348,0.8188609768158946,0.8188609768158946,0.9993643006910367,0.9999831580271843,0.9025932942211293
from_scratch_generated,mixed_theta_wide,0.7071067811865476,0.5,0.0,1.0,instant_fmax,from_scratch_instant_fmax=1.59576995958,constructed_rigorously_from_Hs_Hb_V,constructed_gaussian_f_t_on_grid,T=1.25; a=4; n_time=301,0.9999999999999949,6.152331581510969e-16,3.547028603073384e-14,iterate_from_maximally_mixed,2.036510065803601e-14,2.0551697553051807e-14,0.0,0.9999999999999949,6.152331581510969e-16,4.201863840228383e-15,0.9340783698420143,3.67266663872408e-16,0.06592163015798569,1,1,5.3639066340120044e-15,3.4432917682625756e-13,2.637866941135005e-13,2.527740322796725e-13,400,True,2.6814016714969892e-14,3.547028603073384e-14,375,True,2.7175019625200122e-14,3.7030978452684494e-14,0.05050358968467891,0.10768945528788411,0.08562926061089958,0.10768945528788382,0.09761786918370104,0.09761786918370104,1.319106086778047,2.1151037691395587,1.2140321508934262,1.7678911692608568,1.319106086778047,0.7103542847841465,0.7103542847841465,0.7548408107202268,0.7738677007347252,-0.573991899462108,-0.573991899462108,0.016377848771368723,0.005803762743199482,-0.4304943033619026,0.573991899462108,0.573991899462108,0.016377848771368723,0.005803762743199482,0.4304943033619026,-0.39876070337106007,-0.39876070337106007,0.020473042865764693,0.04680627158265854,-1.172485827815348,0.8188609768158946,0.8188609768158946,0.9998658740399244,0.9999831580271843,0.9025932942211293
from_scratch_generated,mixed_theta_wide,0.7071067811865476,0.5,0.0,1.0,f2avg_Hmf,from_scratch_f2_weighted_average_of_Hmf_t,constructed_rigorously_from_Hs_Hb_V,constructed_gaussian_f_t_on_grid,T=1.25; a=4; n_time=301,0.9999999999999949,6.152331581510969e-16,3.547028603073384e-14,iterate_from_maximally_mixed,2.036510065803601e-14,2.0551697553051807e-14,0.0,0.9999999999999949,6.152331581510969e-16,4.201863840228383e-15,0.9340783698420143,3.67266663872408e-16,0.06592163015798569,1,1,5.3639066340120044e-15,3.4432917682625756e-13,2.637866941135005e-13,2.527740322796725e-13,400,True,2.6814016714969892e-14,3.547028603073384e-14,375,True,2.7175019625200122e-14,3.7030978452684494e-14,0.05050358968467891,0.08590188030590598,0.059778255600510824,0.08590188030590598,0.09761786918370104,0.09761786918370104,1.0537595524095185,1.5653246445388014,1.2140321508934262,1.4064886926744546,1.0537595524095216,0.7103542847841465,0.7103542847841465,0.7548408107202268,0.7738677007347252,-0.573991899462108,-0.573991899462108,0.0215637452422379,0.005803762743199482,-0.4304943033619026,0.573991899462108,0.573991899462108,0.0215637452422379,0.005803762743199482,0.4304943033619026,-0.39876070337106007,-0.39876070337106007,0.03618104650975311,0.04680627158265854,-1.172485827815348,0.8188609768158946,0.8188609768158946,0.9997674754117217,0.9999831580271843,0.9025932942211293
from_scratch_generated,mixed_theta_wide,0.07071067811865475,0.005,2.0,1.0,stored_rho_mf,from_scratch_unmodulated_f_eq_1,constructed_rigorously_from_Hs_Hb_V,constructed_gaussian_f_t_on_grid,T=1.25; a=4; n_time=301,0.9999999999999802,-5.636157231030114e-17,1.361085679674556e-13,iterate_from_maximally_mixed,4.459530912510832e-14,4.370427667587778e-14,,0.9999999999999802,-5.636157231030114e-17,1.5503277001647442e-14,0.9994503339875199,-2.993753579647844e-17,0.0005496660124800767,1,1,2.085302552437629e-14,3.623038269543781e-10,1.8301794035017314e-10,1.717806150261751e-10,37700,True,9.981779052238231e-14,1.361085679674556e-13,26600,True,9.926208468772336e-14,1.4322735469891814e-13,0.0004714623545327094,0.0005551116705276947,0.0003683178842261365,0.0005551116705244696,0.0004865688691675665,0.0004865688691675665,0.025366649130160564,0.0254733938332564,0.0372076101777596,0.017511014115183965,0.025366649130160766,0.0007368137716142513,0.0007368137716142513,0.007548408107202268,0.007738677007347252,-0.6140086628877229,-0.6140086628877229,0.5544617391246902,0.34240009821035455,-0.047896576659644134,0.6140086628877229,0.6140086628877229,0.5544617391246902,0.34240009821035455,0.047896576659644134,-0.5849903884415096,-0.5849903884415096,0.16393622586762438,0.39280648643566657,-0.01855645612883451,0.7892992853783859,0.7892992853783859,0.8322092163914215,0.9395542415132506,0.9988523003649173
from_scratch_generated,mixed_theta_wide,0.07071067811865475,0.005,2.0,1.0,instant_fmax,from_scratch_instant_fmax=1.59576995958,constructed_rigorously_from_Hs_Hb_V,constructed_gaussian_f_t_on_grid,T=1.25; a=4; n_time=301,0.9999999999999802,-5.636157231030114e-17,1.361085679674556e-13,iterate_from_maximally_mixed,4.459530912510832e-14,4.370427667587778e-14,,0.9999999999999802,-5.636157231030114e-17,1.5503277001647442e-14,0.9994503339875199,-2.993753579647844e-17,0.0005496660124800767,1,1,2.085302552437629e-14,3.623038269543781e-10,1.8301794035017314e-10,1.717806150261751e-10,37700,True,9.981779052238231e-14,1.361085679674556e-13,26600,True,9.926208468772336e-14,1.4322735469891814e-13,0.0004714623545327094,0.000965607870423049,0.0009374092688758034,0.0009656078704208294,0.0004865688691675665,0.0004865688691675665,0.026392942442253972,0.04071406314262979,0.0372076101777596,0.043991231416135104,0.026392942442254097,0.0007368137716142513,0.0007368137716142513,0.007548408107202268,0.007738677007347252,-0.6140086628877229,-0.6140086628877229,0.5558323943442236,0.34240009821035455,-0.047896576659644134,0.6140086628877229,0.6140086628877229,0.5558323943442236,0.34240009821035455,0.047896576659644134,-0.5849903884415096,-0.5849903884415096,0.06493031357520204,0.39280648643566657,-0.01855645612883451,0.7892992853783859,0.7892992853783859,0.8312943819114668,0.9395542415132506,0.9988523003649173
from_scratch_generated,mixed_theta_wide,0.07071067811865475,0.005,2.0,1.0,f2avg_Hmf,from_scratch_f2_weighted_average_of_Hmf_t,constructed_rigorously_from_Hs_Hb_V,constructed_gaussian_f_t_on_grid,T=1.25; a=4; n_time=301,0.9999999999999802,-5.636157231030114e-17,1.361085679674556e-13,iterate_from_maximally_mixed,4.459530912510832e-14,4.370427667587778e-14,,0.9999999999999802,-5.636157231030114e-17,1.5503277001647442e-14,0.9994503339875199,-2.993753579647844e-17,0.0005496660124800767,1,1,2.085302552437629e-14,3.623038269543781e-10,1.8301794035017314e-10,1.717806150261751e-10,37700,True,9.981779052238231e-14,1.361085679674556e-13,26600,True,9.926208468772336e-14,1.4322735469891814e-13,0.0004714623545327094,0.0007381864815342884,0.0006624928669142947,0.0007381864815342884,0.0004865688691675665,0.0004865688691675665,0.02226491889145855,0.026813363108168627,0.0372076101777596,0.031233878832551895,0.022264918891481175,0.0007368137716142513,0.0007368137716142513,0.007548408107202268,0.007738677007347252,-0.6140086628877229,-0.6140086628877229,0.5554194524762469,0.34240009821035455,-0.047896576659644134,0.6140086628877229,0.6140086628877229,0.5554194524762469,0.34240009821035455,0.047896576659644134,-0.5849903884415096,-0.5849903884415096,0.09158917629494732,0.39280648643566657,-0.01855645612883451,0.7892992853783859,0.7892992853783859,0.8315703408677984,0.9395542415132506,0.9988523003649173
from_scratch_generated,mixed_theta_wide,0.1,0.01,2.0,1.0,stored_rho_mf,from_scratch_unmodulated_f_eq_1,constructed_rigorously_from_Hs_Hb_V,constructed_gaussian_f_t_on_grid,T=1.25; a=4; n_time=301,0.9999999999999974,1.4176959844784676e-16,1.3611506566339237e-13,iterate_from_maximally_mixed,3.4241250462944187e-14,3.484001722922243e-14,,0.9999999999999974,1.4176959844784676e-16,1.3760190034271397e-15,0.9988981036494218,-5.504622278744382e-17,0.0011018963505782242,1,1,4.170619913068078e-15,1.774265747675188e-10,8.80351218397496e-11,8.834970451916158e-11,19450,True,9.784860290476564e-14,1.3611506566339237e-13,14550,True,9.79221724796281e-14,1.3679660332928485e-13,0.0009594913133461056,0.0011165148581012388,0.0007363790391790391,0.0011165148580977507,0.0009891848004225808,0.0009891848004225808,0.04977483214138187,0.0500488129157109,0.07337247138072,0.03471511597910452,0.0497748321413818,0.0014736275432285027,0.0014736275432285027,0.015096816214404537,0.015477354014694505,-0.611419733350551,-0.611419733350551,0.5549165771414857,0.34346063695831186,-0.045882617893698234,0.611419733350551,0.611419733350551,0.5549165771414857,0.34346063695831186,0.045882617893698234,-0.5803059127035352,-0.5803059127035352,0.164092493092121,0.3925229493295597,-0.017708511861351788,0.7913064574926335,0.7913064574926335,0.8319059997461116,0.9391670729216345,0.99894683811263
from_scratch_generated,mixed_theta_wide,0.1,0.01,2.0,1.0,instant_fmax,from_scratch_instant_fmax=1.59576995958,constructed_rigorously_from_Hs_Hb_V,constructed_gaussian_f_t_on_grid,T=1.25; a=4; n_time=301,0.9999999999999974,1.4176959844784676e-16,1.3611506566339237e-13,iterate_from_maximally_mixed,3.4241250462944187e-14,3.484001722922243e-14,,0.9999999999999974,1.4176959844784676e-16,1.3760190034271397e-15,0.9988981036494218,-5.504622278744382e-17,0.0011018963505782242,1,1,4.170619913068078e-15,1.774265747675188e-10,8.80351218397496e-11,8.834970451916158e-11,19450,True,9.784860290476564e-14,1.3611506566339237e-13,14550,True,9.79221724796281e-14,1.3679660332928485e-13,0.0009594913133461056,0.0019290863805658189,0.0018731538908684175,0.0019290863805641197,0.0009891848004225808,0.0009891848004225808,0.05162026504503103,0.0790924865390912,0.07337247138072,0.08610203544265085,0.05162026504503091,0.0014736275432285027,0.0014736275432285027,0.015096816214404537,0.015477354014694505,-0.611419733350551,-0.611419733350551,0.5575711900934159,0.34346063695831186,-0.045882617893698234,0.611419733350551,0.611419733350551,0.5575711900934159,0.34346063695831186,0.045882617893698234,-0.5803059127035352,-0.5803059127035352,0.06551967808721954,0.3925229493295597,-0.017708511861351788,0.7913064574926335,0.7913064574926335,0.8301291272915389,0.9391670729216345,0.99894683811263
from_scratch_generated,mixed_theta_wide,0.1,0.01,2.0,1.0,f2avg_Hmf,from_scratch_f2_weighted_average_of_Hmf_t,constructed_rigorously_from_Hs_Hb_V,constructed_gaussian_f_t_on_grid,T=1.25; a=4; n_time=301,0.9999999999999974,1.4176959844784676e-16,1.3611506566339237e-13,iterate_from_maximally_mixed,3.4241250462944187e-14,3.484001722922243e-14,,0.9999999999999974,1.4176959844784676e-16,1.3760190034271397e-15,0.9988981036494218,-5.504622278744382e-17,0.0011018963505782242,1,1,4.170619913068078e-15,1.774265747675188e-10,8.80351218397496e-11,8.834970451916158e-11,19450,True,9.784860290476564e-14,1.3611506566339237e-13,14550,True,9.79221724796281e-14,1.3679660332928485e-13,0.0009594913133461056,0.00147747020340332,0.0013231238820376428,0.00147747020340332,0.0009891848004225808,0.0009891848004225808,0.043748447846561504,0.052244031499128776,0.07337247138072,0.061368202615169024,0.043748447846596816,0.0014736275432285027,0.0014736275432285027,0.015096816214404537,0.015477354014694505,-0.611419733350551,-0.611419733350551,0.5567738007458521,0.34346063695831186,-0.045882617893698234,0.611419733350551,0.611419733350551,0.5567738007458521,0.34346063695831186,0.045882617893698234,-0.5803059127035352,-0.5803059127035352,0.09219722799932506,0.3925229493295597,-0.017708511861351788,0.7913064574926335,0.7913064574926335,0.8306641528337538,0.9391670729216345,0.99894683811263
from_scratch_generated,mixed_theta_wide,0.1414213562373095,0.02,2.0,1.0,stored_rho_mf,from_scratch_unmodulated_f_eq_1,constructed_rigorously_from_Hs_Hb_V,constructed_gaussian_f_t_on_grid,T=1.25; a=4; n_time=301,1.000000000000014,1.7311676072434343e-16,1.3556639880069243e-13,iterate_from_maximally_mixed,3.4911548529750483e-14,3.5683733946463086e-14,,1.000000000000014,1.7311676072434343e-16,1.025910408252087e-14,0.9977860513080447,5.132650579594832e-17,0.0022139486919553475,1,1,1.5337747385724917e-14,8.631864069183184e-11,4.2718549340232063e-11,4.5175499670903524e-11,10000,True,9.507279352394e-14,1.3556639880069243e-13,7875,True,9.583088825984235e-14,1.3171379283913899e-13,0.0019272519718414635,0.0022316271881392836,0.0014717312130661754,0.00223162718813634,0.0019861950124309955,0.0019861950124309955,0.09545389279700958,0.09597959976958395,0.14171371168051908,0.06824713791955872,0.09545389279700943,0.0029472550864570054,0.0029472550864570054,0.030193632428809073,0.03095470802938901,-0.6062194059974423,-0.6062194059974423,0.555740381866571,0.345366507921791,-0.04202107392029324,0.6062194059974423,0.6062194059974423,0.555740381866571,0.345366507921791,0.04202107392029324,-0.5712488774156912,-0.5712488774156912,0.16442473957514206,0.3918738488553489,-0.016101969717226813,0.7952974486266808,0.7952974486266808,0.8313558972923676,0.9384678871468682,0.9991167245855637
from_scratch_generated,mixed_theta_wide,0.1414213562373095,0.02,2.0,1.0,instant_fmax,from_scratch_instant_fmax=1.59576995958,constructed_rigorously_from_Hs_Hb_V,constructed_gaussian_f_t_on_grid,T=1.25; a=4; n_time=301,1.000000000000014,1.7311676072434343e-16,1.3556639880069243e-13,iterate_from_maximally_mixed,3.4911548529750483e-14,3.5683733946463086e-14,,1.000000000000014,1.7311676072434343e-16,1.025910408252087e-14,0.9977860513080447,5.132650579594832e-17,0.0022139486919553475,1,1,1.5337747385724917e-14,8.631864069183184e-11,4.2718549340232063e-11,4.5175499670903524e-11,10000,True,9.507279352394e-14,1.3556639880069243e-13,7875,True,9.583088825984235e-14,1.3171379283913899e-13,0.0019272519718414635,0.0038468847486944815,0.0037396501628821637,0.003846884748691993,0.0019861950124309955,0.0019861950124309955,0.09999192458337168,0.1521613076745428,0.14171371168051908,0.165318373761397,0.09999192458337168,0.0029472550864570054,0.0029472550864570054,0.030193632428809073,0.03095470802938901,-0.6062194059974423,-0.6062194059974423,0.5607176944782005,0.345366507921791,-0.04202107392029324,0.6062194059974423,0.6062194059974423,0.5607176944782005,0.345366507921791,0.04202107392029324,-0.5712488774156912,-0.5712488774156912,0.06663708213058654,0.3918738488553489,-0.016101969717226813,0.7952974486266808,0.7952974486266808,0.8280070453196948,0.9384678871468682,0.9991167245855637
from_scratch_generated,mixed_theta_wide,0.1414213562373095,0.02,2.0,1.0,f2avg_Hmf,from_scratch_f2_weighted_average_of_Hmf_t,constructed_rigorously_from_Hs_Hb_V,constructed_gaussian_f_t_on_grid,T=1.25; a=4; n_time=301,1.000000000000014,1.7311676072434343e-16,1.3556639880069243e-13,iterate_from_maximally_mixed,3.4911548529750483e-14,3.5683733946463086e-14,,1.000000000000014,1.7311676072434343e-16,1.025910408252087e-14,0.9977860513080447,5.132650579594832e-17,0.0022139486919553475,1,1,1.5337747385724917e-14,8.631864069183184e-11,4.2718549340232063e-11,4.5175499670903524e-11,10000,True,9.507279352394e-14,1.3556639880069243e-13,7875,True,9.583088825984235e-14,1.3171379283913899e-13,0.0019272519718414635,0.002946556681336387,0.0026389498944390547,0.002946556681336387,0.0019861950124309955,0.0019861950124309955,0.08491698125551725,0.10102885632978861,0.14171371168051908,0.11866366884606859,0.08491698125550752,0.0029472550864570054,0.0029472550864570054,0.030193632428809073,0.03095470802938901,-0.6062194059974423,-0.6062194059974423,0.5592315469839237,0.345366507921791,-0.04202107392029324,0.6062194059974423,0.6062194059974423,0.5592315469839237,0.345366507921791,0.04202107392029324,-0.5712488774156912,-0.5712488774156912,0.09335655246165944,0.3918738488553489,-0.016101969717226813,0.7952974486266808,0.7952974486266808,0.8290115058658517,0.9384678871468682,0.9991167245855637
from_scratch_generated,mixed_theta_wide,0.2,0.04,2.0,1.0,stored_rho_mf,from_scratch_unmodulated_f_eq_1,constructed_rigorously_from_Hs_Hb_V,constructed_gaussian_f_t_on_grid,T=1.25; a=4; n_time=301,1.000000000000011,-1.2844325052121796e-16,1.376800682643496e-13,iterate_from_maximally_mixed,4.0090036717784755e-14,3.9680356102094416e-14,,1.000000000000011,-1.2844325052121796e-16,6.424664361737266e-15,0.995532281088846,-5.741753716440107e-17,0.0044677189111540505,1,1,9.699676549797842e-15,4.397651395345881e-11,2.1875730659577125e-11,2.252056010491548e-11,5100,True,9.741547444346344e-14,1.376800682643496e-13,4200,True,9.939064412462173e-14,1.369462850143972e-13,0.003830654621054608,0.004431897704987751,0.002939355414912302,0.004431897704983539,0.00394833721791435,0.00394833721791435,0.1764371754042517,0.17720181578433833,0.2649313863096175,0.1320858982653457,0.17643717540425166,0.005894510172914011,0.005894510172914011,0.060387264857618146,0.06190941605877802,-0.5958123734722711,-0.5958123734722711,0.5570811190334471,0.3484476660316979,-0.03492981208750576,0.5958123734722711,0.5958123734722711,0.5570811190334471,0.3484476660316979,0.03492981208750576,-0.5542418181446224,-0.5542418181446224,0.1651384254092977,0.39029938819564847,-0.013213027991305533,0.8031236614727142,0.8031236614727142,0.8304580825161749,0.9373282370851005,0.9993897679221712
from_scratch_generated,mixed_theta_wide,0.2,0.04,2.0,1.0,instant_fmax,from_scratch_instant_fmax=1.59576995958,constructed_rigorously_from_Hs_Hb_V,constructed_gaussian_f_t_on_grid,T=1.25; a=4; n_time=301,1.000000000000011,-1.2844325052121796e-16,1.376800682643496e-13,iterate_from_maximally_mixed,4.0090036717784755e-14,3.9680356102094416e-14,,1.000000000000011,-1.2844325052121796e-16,6.424664361737266e-15,0.995532281088846,-5.741753716440107e-17,0.0044677189111540505,1,1,9.699676549797842e-15,4.397651395345881e-11,2.1875730659577125e-11,2.252056010491548e-11,5100,True,9.741547444346344e-14,1.376800682643496e-13,4200,True,9.939064412462173e-14,1.369462850143972e-13,0.003830654621054608,0.007646068863465178,0.007452679075535421,0.007646068863462623,0.00394833721791435,0.00394833721791435,0.1894069641704179,0.2854789124387541,0.2649313863096175,0.30718372598225313,0.18940696417041789,0.005894510172914011,0.005894510172914011,0.060387264857618146,0.06190941605877802,-0.5958123734722711,-0.5958123734722711,0.5658261634615562,0.3484476660316979,-0.03492981208750576,0.5958123734722711,0.5958123734722711,0.5658261634615562,0.3484476660316979,0.03492981208750576,-0.5542418181446224,-0.5542418181446224,0.06864725161822803,0.39029938819564847,-0.013213027991305533,0.8031236614727142,0.8031236614727142,0.8245245616368115,0.9373282370851005,0.9993897679221712
from_scratch_generated,mixed_theta_wide,0.2,0.04,2.0,1.0,f2avg_Hmf,from_scratch_f2_weighted_average_of_Hmf_t,constructed_rigorously_from_Hs_Hb_V,constructed_gaussian_f_t_on_grid,T=1.25; a=4; n_time=301,1.000000000000011,-1.2844325052121796e-16,1.376800682643496e-13,iterate_from_maximally_mixed,4.0090036717784755e-14,3.9680356102094416e-14,,1.000000000000011,-1.2844325052121796e-16,6.424664361737266e-15,0.995532281088846,-5.741753716440107e-17,0.0044677189111540505,1,1,9.699676549797842e-15,4.397651395345881e-11,2.1875730659577125e-11,2.252056010491548e-11,5100,True,9.741547444346344e-14,1.376800682643496e-13,4200,True,9.939064412462173e-14,1.369462850143972e-13,0.003830654621054608,0.005848190494679344,0.005249790565641127,0.005848190494679344,0.00394833721791435,0.00394833721791435,0.16093525207994078,0.19121540417764668,0.2649313863096175,0.2231757994237923,0.16093525207994883,0.005894510172914011,0.005894510172914011,0.060387264857618146,0.06190941605877802,-0.5958123734722711,-0.5958123734722711,0.56324613690183,0.3484476660316979,-0.03492981208750576,0.5958123734722711,0.5958123734722711,0.56324613690183,0.3484476660316979,0.03492981208750576,-0.5542418181446224,-0.5542418181446224,0.09546353977542589,0.39029938819564847,-0.013213027991305533,0.8031236614727142,0.8031236614727142,0.8262891680671876,0.9373282370851005,0.9993897679221712
from_scratch_generated,mixed_theta_wide,0.282842712474619,0.08,2.0,1.0,stored_rho_mf,from_scratch_unmodulated_f_eq_1,constructed_rigorously_from_Hs_Hb_V,constructed_gaussian_f_t_on_grid,T=1.25; a=4; n_time=301,1.0000000000000042,1.5661300381553112e-16,1.100570958042243e-13,iterate_from_maximally_mixed,4.572618248595576e-14,4.3688831723147615e-14,,1.0000000000000042,1.5661300381553112e-16,2.75971463517205e-15,0.9909115694841161,1.7648540260974187e-16,0.009088430515883927,1,1,3.5646784398829224e-15,1.8313683435297897e-11,8.74188009213307e-12,8.623399897410672e-12,2600,True,7.983159403958171e-14,1.100570958042243e-13,2225,True,8.777813512864242e-14,1.2248305433436021e-13,0.0075171418285298565,0.008720014078547044,0.005862286948675504,0.008720014078543139,0.007753138284381924,0.007753138284381924,0.30876598218362805,0.3094640001595892,0.4713636240731552,0.24870801421104544,0.3087659821836282,0.011789020345828021,0.011789020345828021,0.12077452971523629,0.12381883211755604,-0.5754195840046293,-0.5754195840046293,0.5587752193670814,0.35243742366841174,-0.02301791558582083,0.5754195840046293,0.5754195840046293,0.5587752193670814,0.35243742366841174,0.02301791558582083,-0.5238296823432084,-0.5238296823432084,0.16660865598436164,0.3863296325029607,-0.00852094557218184,0.8178583632536498,0.8178583632536498,0.8293191510035626,0.9358353821041242,0.9997350526825013
from_scratch_generated,mixed_theta_wide,0.282842712474619,0.08,2.0,1.0,instant_fmax,from_scratch_instant_fmax=1.59576995958,constructed_rigorously_from_Hs_Hb_V,constructed_gaussian_f_t_on_grid,T=1.25; a=4; n_time=301,1.0000000000000042,1.5661300381553112e-16,1.100570958042243e-13,iterate_from_maximally_mixed,4.572618248595576e-14,4.3688831723147615e-14,,1.0000000000000042,1.5661300381553112e-16,2.75971463517205e-15,0.9909115694841161,1.7648540260974187e-16,0.009088430515883927,1,1,3.5646784398829224e-15,1.8313683435297897e-11,8.74188009213307e-12,8.623399897410672e-12,2600,True,7.983159403958171e-14,1.100570958042243e-13,2225,True,8.777813512864242e-14,1.2248305433436021e-13,0.0075171418285298565,0.015103576601585249,0.014798970056643122,0.01510357660158373,0.007753138284381924,0.007753138284381924,0.3449853097994549,0.5120756599542525,0.4713636240731552,0.5430041335674799,0.3449853097994549,0.011789020345828021,0.011789020345828021,0.12077452971523629,0.12381883211755604,-0.5754195840046293,-0.5754195840046293,0.5722865334790933,0.35243742366841174,-0.02301791558582083,0.5754195840046293,0.5754195840046293,0.5722865334790933,0.35243742366841174,0.02301791558582083,-0.5238296823432084,-0.5238296823432084,0.07191364245753874,0.3863296325029607,-0.00852094557218184,0.8178583632536498,0.8178583632536498,0.8200537321410607,0.9358353821041242,0.9997350526825013
from_scratch_generated,mixed_theta_wide,0.282842712474619,0.08,2.0,1.0,f2avg_Hmf,from_scratch_f2_weighted_average_of_Hmf_t,constructed_rigorously_from_Hs_Hb_V,constructed_gaussian_f_t_on_grid,T=1.25; a=4; n_time=301,1.0000000000000042,1.5661300381553112e-16,1.100570958042243e-13,iterate_from_maximally_mixed,4.572618248595576e-14,4.3688831723147615e-14,,1.0000000000000042,1.5661300381553112e-16,2.75971463517205e-15,0.9909115694841161,1.7648540260974187e-16,0.009088430515883927,1,1,3.5646784398829224e-15,1.8313683435297897e-11,8.74188009213307e-12,8.623399897410672e-12,2600,True,7.983159403958171e-14,1.100570958042243e-13,2225,True,8.777813512864242e-14,1.2248305433436021e-13,0.0075171418285298565,0.01151683278061745,0.010394377518768504,0.01151683278061745,0.007753138284381924,0.007753138284381924,0.29307844245710607,0.34792884194067203,0.4713636240731552,0.4019129764130339,0.29307844245711867,0.011789020345828021,0.011789020345828021,0.12077452971523629,0.12381883211755604,-0.5754195840046293,-0.5754195840046293,0.5683924440470438,0.35243742366841174,-0.02301791558582083,0.5754195840046293,0.5754195840046293,0.5683924440470438,0.35243742366841174,0.02301791558582083,-0.5238296823432084,-0.5238296823432084,0.09894620311082317,0.3863296325029607,-0.00852094557218184,0.8178583632536498,0.8178583632536498,0.822757576416181,0.9358353821041242,0.9997350526825013
from_scratch_generated,mixed_theta_wide,0.34641016151377546,0.12,2.0,1.0,stored_rho_mf,from_scratch_unmodulated_f_eq_1,constructed_rigorously_from_Hs_Hb_V,constructed_gaussian_f_t_on_grid,T=1.25; a=4; n_time=301,0.9999999999999776,-1.6927106417929938e-16,1.1828661116901145e-13,iterate_from_maximally_mixed,4.911890347302934e-14,4.7861128205214966e-14,,0.9999999999999776,-1.6927106417929938e-16,1.4822008069672228e-14,0.986150102945691,1.6921967310220269e-16,0.013849897054308946,1,1,2.1191560994125585e-14,1.165419253675176e-11,6.2476539701255844e-12,5.921643420135183e-12,1725,True,8.77109393573475e-14,1.1828661116901145e-13,1525,True,7.572716389349212e-14,1.0915295055021852e-13,0.011057245329587278,0.01287097087758976,0.00876880452066138,0.01287097087758668,0.011412478332737425,0.011412478332737425,0.4151260785462099,0.4155396500130016,0.6408794920830189,0.35329632732153327,0.4151260785462102,0.01768353051874203,0.01768353051874203,0.18116179457285445,0.18572824817633404,-0.5560639315810725,-0.5560639315810725,0.5595007240517769,0.3544553935395657,-0.01369840231534894,0.5560639315810725,0.5560639315810725,0.5595007240517769,0.3544553935395657,0.01369840231534894,-0.4971580543998539,-0.4971580543998539,0.16797534904913175,0.3815943018681724,-0.004980305731273619,0.8311395213768868,0.8311395213768868,0.828829861784394,0.9350729244239251,0.9999061724852022
from_scratch_generated,mixed_theta_wide,0.34641016151377546,0.12,2.0,1.0,instant_fmax,from_scratch_instant_fmax=1.59576995958,constructed_rigorously_from_Hs_Hb_V,constructed_gaussian_f_t_on_grid,T=1.25; a=4; n_time=301,0.9999999999999776,-1.6927106417929938e-16,1.1828661116901145e-13,iterate_from_maximally_mixed,4.911890347302934e-14,4.7861128205214966e-14,,0.9999999999999776,-1.6927106417929938e-16,1.4822008069672228e-14,0.986150102945691,1.6921967310220269e-16,0.013849897054308946,1,1,2.1191560994125585e-14,1.165419253675176e-11,6.2476539701255844e-12,5.921643420135183e-12,1725,True,8.77109393573475e-14,1.1828661116901145e-13,1525,True,7.572716389349212e-14,1.0915295055021852e-13,0.011057245329587278,0.022381761055729695,0.022039130655763465,0.022381761055728283,0.011412478332737425,0.011412478332737425,0.4774671779935808,0.6994803916968743,0.6408794920830189,0.735714635564068,0.4774671779935807,0.01768353051874203,0.01768353051874203,0.18116179457285445,0.18572824817633404,-0.5560639315810725,-0.5560639315810725,0.5752015465850701,0.3544553935395657,-0.01369840231534894,0.5560639315810725,0.5560639315810725,0.5752015465850701,0.3544553935395657,0.01369840231534894,-0.4971580543998539,-0.4971580543998539,0.07439485431695325,0.3815943018681724,-0.004980305731273619,0.8311395213768868,0.8311395213768868,0.8180117241251151,0.9350729244239251,0.9999061724852022
from_scratch_generated,mixed_theta_wide,0.34641016151377546,0.12,2.0,1.0,f2avg_Hmf,from_scratch_f2_weighted_average_of_Hmf_t,constructed_rigorously_from_Hs_Hb_V,constructed_gaussian_f_t_on_grid,T=1.25; a=4; n_time=301,0.9999999999999776,-1.6927106417929938e-16,1.1828661116901145e-13,iterate_from_maximally_mixed,4.911890347302934e-14,4.7861128205214966e-14,,0.9999999999999776,-1.6927106417929938e-16,1.4822008069672228e-14,0.986150102945691,1.6921967310220269e-16,0.013849897054308946,1,1,2.1191560994125585e-14,1.165419253675176e-11,6.2476539701255844e-12,5.921643420135183e-12,1725,True,8.77109393573475e-14,1.1828661116901145e-13,1525,True,7.572716389349212e-14,1.0915295055021852e-13,0.011057245329587278,0.017018935418003797,0.01544527162255645,0.017018935418003797,0.011412478332737425,0.011412478332737425,0.4056728133863245,0.48089322849664956,0.6408794920830189,0.5521733170771587,0.4056728133863234,0.01768353051874203,0.01768353051874203,0.18116179457285445,0.18572824817633404,-0.5560639315810725,-0.5560639315810725,0.5707770024904905,0.3544553935395657,-0.01369840231534894,0.5560639315810725,0.5560639315810725,0.5707770024904905,0.3544553935395657,0.01369840231534894,-0.4971580543998539,-0.4971580543998539,0.101639867941506,0.3815943018681724,-0.004980305731273619,0.8311395213768868,0.8311395213768868,0.8211051171609947,0.9350729244239251,0.9999061724852022
from_scratch_generated,mixed_theta_wide,0.4472135954999579,0.2,2.0,1.0,stored_rho_mf,from_scratch_unmodulated_f_eq_1,constructed_rigorously_from_Hs_Hb_V,constructed_gaussian_f_t_on_grid,T=1.25; a=4; n_time=301,1.0000000000000067,-8.002089659300826e-17,1.150107489119337e-13,iterate_from_maximally_mixed,3.952294650964125e-14,3.9017663725230784e-14,,1.0000000000000067,-8.002089659300826e-17,4.505136702140853e-15,0.9762511931353316,2.4503553914865475e-17,0.023748806864668404,1,1,6.2784357696330096e-15,6.69363400311046e-12,3.420750664559188e-12,3.5072980311356517e-12,1025,True,8.30225809816763e-14,1.150107489119337e-13,925,True,7.939795881771023e-14,1.0737126975172874e-13,0.017755677353176763,0.020812750185708245,0.014532649932366606,0.020812750185704526,0.01835132870096185,0.01835132870096185,0.5822898468807365,0.5823128197507565,0.9107095579334664,0.5352670635914588,0.5822898468807367,0.029472550864570058,0.029472550864570058,0.30193632428809075,0.3095470802938901,-0.5213018265033,-0.5213018265033,0.5591462582248551,0.35499054452515033,-0.0011811522341133405,0.5213018265033,0.5213018265033,0.5591462582248551,0.35499054452515033,0.0011811522341133405,-0.45199398985341294,-0.45199398985341294,0.1700933825885532,0.3706216088530374,-0.00041645264279576094,0.8533723722293353,0.8533723722293353,0.8290690332614913,0.934869891106638,0.9999993024394566
from_scratch_generated,mixed_theta_wide,0.4472135954999579,0.2,2.0,1.0,instant_fmax,from_scratch_instant_fmax=1.59576995958,constructed_rigorously_from_Hs_Hb_V,constructed_gaussian_f_t_on_grid,T=1.25; a=4; n_time=301,1.0000000000000067,-8.002089659300826e-17,1.150107489119337e-13,iterate_from_maximally_mixed,3.952294650964125e-14,3.9017663725230784e-14,,1.0000000000000067,-8.002089659300826e-17,4.505136702140853e-15,0.9762511931353316,2.4503553914865475e-17,0.023748806864668404,1,1,6.2784357696330096e-15,6.69363400311046e-12,3.420750664559188e-12,3.5072980311356517e-12,1025,True,8.30225809816763e-14,1.150107489119337e-13,925,True,7.939795881771023e-14,1.0737126975172874e-13,0.017755677353176763,0.03643444549159299,0.03620257538648668,0.0364344454915915,0.01835132870096185,0.01835132870096185,0.6956004322634733,0.9959586811465846,0.9107095579334664,1.0420390283343774,0.6956004322634733,0.029472550864570058,0.029472550864570058,0.30193632428809075,0.3095470802938901,-0.5213018265033,-0.5213018265033,0.5749275523754197,0.35499054452515033,-0.0011811522341133405,0.5213018265033,0.5213018265033,0.5749275523754197,0.35499054452515033,0.0011811522341133405,-0.45199398985341294,-0.45199398985341294,0.0777239163260571,0.3706216088530374,-0.00041645264279576094,0.8533723722293353,0.8533723722293353,0.8182043201545742,0.934869891106638,0.9999993024394566
from_scratch_generated,mixed_theta_wide,0.4472135954999579,0.2,2.0,1.0,f2avg_Hmf,from_scratch_f2_weighted_average_of_Hmf_t,constructed_rigorously_from_Hs_Hb_V,constructed_gaussian_f_t_on_grid,T=1.25; a=4; n_time=301,1.0000000000000067,-8.002089659300826e-17,1.150107489119337e-13,iterate_from_maximally_mixed,3.952294650964125e-14,3.9017663725230784e-14,,1.0000000000000067,-8.002089659300826e-17,4.505136702140853e-15,0.9762511931353316,2.4503553914865475e-17,0.023748806864668404,1,1,6.2784357696330096e-15,6.69363400311046e-12,3.420750664559188e-12,3.5072980311356517e-12,1025,True,8.30225809816763e-14,1.150107489119337e-13,925,True,7.939795881771023e-14,1.0737126975172874e-13,0.017755677353176763,0.027579589713841904,0.025296760049997702,0.027579589713841904,0.01835132870096185,0.01835132870096185,0.5916608014125553,0.698057337624446,0.9107095579334664,0.797803779700282,0.5916608014125514,0.029472550864570058,0.029472550864570058,0.30193632428809075,0.3095470802938901,-0.5213018265033,-0.5213018265033,0.5706736375138247,0.35499054452515033,-0.0011811522341133405,0.5213018265033,0.5213018265033,0.5706736375138247,0.35499054452515033,0.0011811522341133405,-0.45199398985341294,-0.45199398985341294,0.10530755700649046,0.3706216088530374,-0.00041645264279576094,0.8533723722293353,0.8533723722293353,0.821176959885468,0.934869891106638,0.9999993024394566
from_scratch_generated,mixed_theta_wide,0.5477225575051661,0.3,2.0,1.0,stored_rho_mf,from_scratch_unmodulated_f_eq_1,constructed_rigorously_from_Hs_Hb_V,constructed_gaussian_f_t_on_grid,T=1.25; a=4; n_time=301,0.9999999999999976,-8.743751707916692e-17,9.216913225089053e-14,iterate_from_maximally_mixed,2.5878239508394374e-14,2.4830149822364344e-14,,0.9999999999999976,-8.743751707916692e-17,2.7334358655553084e-15,0.9632836244506435,2.5396427888178484e-16,0.03671637554935647,1,1,4.152175849086333e-15,3.2747214708004748e-12,1.8028126482233994e-12,1.7826643240129361e-12,675,True,6.851989673201063e-14,9.216913225089053e-14,625,True,5.542951442001058e-14,7.622517410350503e-14,0.025531681822932424,0.030168551565495656,0.021645400776157477,0.030168551565492717,0.026429624193207525,0.026429624193207525,0.7424433792694171,0.7426377276586791,1.1691151020777222,0.726006987459291,0.7424433792694171,0.04420882629685508,0.04420882629685508,0.45290448643213604,0.4643206204408351,-0.48530687854569127,-0.48530687854569127,0.556892841143844,0.35199255932275647,0.005995620742084127,0.48530687854569127,0.48530687854569127,0.556892841143844,0.35199255932275647,0.005995620742084127,-0.4064819275473673,-0.4064819275473673,0.17142002586158722,0.3550003781818348,0.002042091892480131,0.8743438875157976,0.8743438875157976,0.8305843506127102,0.9360027981696507,0.9999820261044281
from_scratch_generated,mixed_theta_wide,0.5477225575051661,0.3,2.0,1.0,instant_fmax,from_scratch_instant_fmax=1.59576995958,constructed_rigorously_from_Hs_Hb_V,constructed_gaussian_f_t_on_grid,T=1.25; a=4; n_time=301,0.9999999999999976,-8.743751707916692e-17,9.216913225089053e-14,iterate_from_maximally_mixed,2.5878239508394374e-14,2.4830149822364344e-14,,0.9999999999999976,-8.743751707916692e-17,2.7334358655553084e-15,0.9632836244506435,2.5396427888178484e-16,0.03671637554935647,1,1,4.152175849086333e-15,3.2747214708004748e-12,1.8028126482233994e-12,1.7826643240129361e-12,675,True,6.851989673201063e-14,9.216913225089053e-14,625,True,5.542951442001058e-14,7.622517410350503e-14,0.025531681822932424,0.05312579007433828,0.05331811493425911,0.05312579007433742,0.026429624193207525,0.026429624193207525,0.9112187292307562,1.2726664079114842,1.1691151020777222,1.336116193422168,0.9112187292307564,0.04420882629685508,0.04420882629685508,0.45290448643213604,0.4643206204408351,-0.48530687854569127,-0.48530687854569127,0.5692847819633018,0.35199255932275647,0.005995620742084127,0.48530687854569127,0.48530687854569127,0.5692847819633018,0.35199255932275647,0.005995620742084127,-0.4064819275473673,-0.4064819275473673,0.0799172620891233,0.3550003781818348,0.002042091892480131,0.8743438875157976,0.8743438875157976,0.8221403998253559,0.9360027981696507,0.9999820261044281
from_scratch_generated,mixed_theta_wide,0.5477225575051661,0.3,2.0,1.0,f2avg_Hmf,from_scratch_f2_weighted_average_of_Hmf_t,constructed_rigorously_from_Hs_Hb_V,constructed_gaussian_f_t_on_grid,T=1.25; a=4; n_time=301,0.9999999999999976,-8.743751707916692e-17,9.216913225089053e-14,iterate_from_maximally_mixed,2.5878239508394374e-14,2.4830149822364344e-14,,0.9999999999999976,-8.743751707916692e-17,2.7334358655553084e-15,0.9632836244506435,2.5396427888178484e-16,0.03671637554935647,1,1,4.152175849086333e-15,3.2747214708004748e-12,1.8028126482233994e-12,1.7826643240129361e-12,675,True,6.851989673201063e-14,9.216913225089053e-14,625,True,5.542951442001058e-14,7.622517410350503e-14,0.025531681822932424,0.04005785139510367,0.03719403438871462,0.04005785139510367,0.026429624193207525,0.026429624193207525,0.7766686078201914,0.9093904959680758,1.1691151020777222,1.040367480824476,0.7766686078202053,0.04420882629685508,0.04420882629685508,0.45290448643213604,0.4643206204408351,-0.48530687854569127,-0.48530687854569127,0.5661559806064703,0.35199255932275647,0.005995620742084127,0.48530687854569127,0.48530687854569127,0.5661559806064703,0.35199255932275647,0.005995620742084127,-0.4064819275473673,-0.4064819275473673,0.10770729453235983,0.3550003781818348,0.002042091892480131,0.8743438875157976,0.8743438875157976,0.8242981290913658,0.9360027981696507,0.9999820261044281
from_scratch_generated,mixed_theta_wide,0.7071067811865476,0.5,2.0,1.0,stored_rho_mf,from_scratch_unmodulated_f_eq_1,constructed_rigorously_from_Hs_Hb_V,constructed_gaussian_f_t_on_grid,T=1.25; a=4; n_time=301,0.999999999999994,-2.8467083291322526e-17,4.458865021168632e-14,iterate_from_maximally_mixed,2.036510065803601e-14,1.9540437241530442e-14,,0.999999999999994,-2.8467083291322526e-17,2.580651785415258e-15,0.9359373566501712,1.0223827249748016e-16,0.06406264334982881,1,1,4.09215358418715e-15,1.0214706971875434e-12,4.976274033660874e-13,4.976555065971826e-13,400,True,3.456802352680724e-14,4.458865021168632e-14,375,True,3.547779112310819e-14,4.7297935283735203e-14,0.03959324475148468,0.04739376010178027,0.03556541111774943,0.04739376010177726,0.041092547402057686,0.041092547402057686,0.9792950319139632,0.9810626030353226,1.544810594455253,1.029741101821696,0.9792950319139634,0.07368137716142513,0.07368137716142513,0.7548408107202268,0.7738677007347252,-0.43356625826437334,-0.43356625826437334,0.5497142378532872,0.33955463637583094,0.002511733070707634,0.43356625826437334,0.43356625826437334,0.5497142378532872,0.33955463637583094,0.002511733070707634,-0.3388750418305985,-0.3388750418305985,0.1700789511991146,0.3195687549839293,0.0007983143294233249,0.9011216897259942,0.9011216897259942,0.8353527738036066,0.9405863325158819,0.9999968455935156
from_scratch_generated,mixed_theta_wide,0.7071067811865476,0.5,2.0,1.0,instant_fmax,from_scratch_instant_fmax=1.59576995958,constructed_rigorously_from_Hs_Hb_V,constructed_gaussian_f_t_on_grid,T=1.25; a=4; n_time=301,0.999999999999994,-2.8467083291322526e-17,4.458865021168632e-14,iterate_from_maximally_mixed,2.036510065803601e-14,1.9540437241530442e-14,,0.999999999999994,-2.8467083291322526e-17,2.580651785415258e-15,0.9359373566501712,1.0223827249748016e-16,0.06406264334982881,1,1,4.09215358418715e-15,1.0214706971875434e-12,4.976274033660874e-13,4.976555065971826e-13,400,True,3.456802352680724e-14,4.458865021168632e-14,375,True,3.547779112310819e-14,4.7297935283735203e-14,0.03959324475148468,0.08388542822619124,0.08562926061089958,0.0838854282261905,0.041092547402057686,0.041092547402057686,1.2331139163464797,1.65172059986825,1.544810594455253,1.7678911692608568,1.2331139163464797,0.07368137716142513,0.07368137716142513,0.7548408107202268,0.7738677007347252,-0.43356625826437334,-0.43356625826437334,0.5534973292597615,0.33955463637583094,0.002511733070707634,0.43356625826437334,0.43356625826437334,0.5534973292597615,0.33955463637583094,0.002511733070707634,-0.3388750418305985,-0.3388750418305985,0.08074233723174543,0.3195687549839293,0.0007983143294233249,0.9011216897259942,0.9011216897259942,0.8328509509523965,0.9405863325158819,0.9999968455935156
from_scratch_generated,mixed_theta_wide,0.7071067811865476,0.5,2.0,1.0,f2avg_Hmf,from_scratch_f2_weighted_average_of_Hmf_t,constructed_rigorously_from_Hs_Hb_V,constructed_gaussian_f_t_on_grid,T=1.25; a=4; n_time=301,0.999999999999994,-2.8467083291322526e-17,4.458865021168632e-14,iterate_from_maximally_mixed,2.036510065803601e-14,1.9540437241530442e-14,,0.999999999999994,-2.8467083291322526e-17,2.580651785415258e-15,0.9359373566501712,1.0223827249748016e-16,0.06406264334982881,1,1,4.09215358418715e-15,1.0214706971875434e-12,4.976274033660874e-13,4.976555065971826e-13,400,True,3.456802352680724e-14,4.458865021168632e-14,375,True,3.547779112310819e-14,4.7297935283735203e-14,0.03959324475148468,0.06303198040639733,0.059778255600510824,0.06303198040639733,0.041092547402057686,0.041092547402057686,1.0553769665984738,1.2155241246011623,1.544810594455253,1.4064886926744546,1.0553769665984771,0.07368137716142513,0.07368137716142513,0.7548408107202268,0.7738677007347252,-0.43356625826437334,-0.43356625826437334,0.552914539592855,0.33955463637583094,0.002511733070707634,0.43356625826437334,0.43356625826437334,0.552914539592855,0.33955463637583094,0.002511733070707634,-0.3388750418305985,-0.3388750418305985,0.10826178673274993,0.3195687549839293,0.0007983143294233249,0.9011216897259942,0.9011216897259942,0.8332379683540719,0.9405863325158819,0.9999968455935156
